-- MySQL dump 10.13  Distrib 5.7.19, for Linux (x86_64)
--
-- Host: localhost    Database: surveyvisual
-- ------------------------------------------------------
-- Server version	5.7.19-0ubuntu0.16.04.1

/*!40101 SET @OLD_CHARACTER_SET_CLIENT=@@CHARACTER_SET_CLIENT */;
/*!40101 SET @OLD_CHARACTER_SET_RESULTS=@@CHARACTER_SET_RESULTS */;
/*!40101 SET @OLD_COLLATION_CONNECTION=@@COLLATION_CONNECTION */;
/*!40101 SET NAMES utf8 */;
/*!40103 SET @OLD_TIME_ZONE=@@TIME_ZONE */;
/*!40103 SET TIME_ZONE='+00:00' */;
/*!40014 SET @OLD_UNIQUE_CHECKS=@@UNIQUE_CHECKS, UNIQUE_CHECKS=0 */;
/*!40014 SET @OLD_FOREIGN_KEY_CHECKS=@@FOREIGN_KEY_CHECKS, FOREIGN_KEY_CHECKS=0 */;
/*!40101 SET @OLD_SQL_MODE=@@SQL_MODE, SQL_MODE='NO_AUTO_VALUE_ON_ZERO' */;
/*!40111 SET @OLD_SQL_NOTES=@@SQL_NOTES, SQL_NOTES=0 */;

use surveyvisual;
--
-- Table structure for table `agent`
--

DROP TABLE IF EXISTS `agent`;
/*!40101 SET @saved_cs_client     = @@character_set_client */;
/*!40101 SET character_set_client = utf8 */;
CREATE TABLE `agent` (
  `id` int(11) NOT NULL,
  `agentName` varchar(25) DEFAULT NULL,
  PRIMARY KEY (`id`)
) ENGINE=InnoDB DEFAULT CHARSET=latin1;
/*!40101 SET character_set_client = @saved_cs_client */;

--
-- Dumping data for table `agent`
--

LOCK TABLES `agent` WRITE;
/*!40000 ALTER TABLE `agent` DISABLE KEYS */;
INSERT INTO `agent` VALUES (1,'Shray Ojas42'),(2,'Mitul Lakshit28'),(3,'Ranbir Himmat36'),(4,'Neerav Bhavin29'),(5,'Chirag Divit8'),(6,'Aarav Shray0'),(7,'Indrajit Aayush21'),(8,'Yakshit Harikiran49'),(9,'Gurkiran Madhup16'),(10,'Aayush Darshit2'),(11,'Dhruv Bhavin11'),(12,'Arnav Bhavin5'),(13,'Lakshit Divit25'),(14,'Uthkarsh Vaibhav45'),(15,'Kiaan Aarav24'),(16,'Dhruv Indranil11'),(17,'Aarush Darshit1'),(18,'Advik Ojas3'),(19,'Himmat Eshan19'),(20,'Ranbir Uthkarsh36'),(21,'Lakshay Nishith26'),(22,'Aayush Bhavin2'),(23,'Arnav Rachit5'),(24,'Bhavin Sahil7'),(25,'Gurkiran Sahil16'),(26,'Indrajit Dhruv21'),(27,'Rohan Divit37'),(28,'Shaan Tushar40'),(29,'Shaan Vivaan40'),(30,'Shaan Aayush40'),(31,'Dhruv Devansh11'),(32,'Shray Divit42'),(33,'Aayush Ranbir2'),(34,'Sahil Reyansh38'),(35,'Faiyaz Eshan15'),(36,'Devansh Ojas10'),(37,'Tushar Hiran44'),(38,'Bhavin Chirag7'),(39,'Faiyaz Aarav15'),(40,'Priyansh Hansh33'),(41,'Shray Arnav42'),(42,'Vaibhav Akarsh46'),(43,'Rohan Arnav37'),(44,'Reyansh Shaan35'),(45,'Ranbir Faiyaz36'),(46,'Samar Tushar39'),(47,'Himmat Gurkiran19'),(48,'Ranbir Chirag36'),(49,'Eshan Shreyas14'),(50,'Shreyas Vihaan43'),(51,'Harikiran Indranil18'),(52,'Advik Faiyaz3'),(53,'Shlok Harikiran41'),(54,'Bhavin Vivaan7'),(55,'Akarsh Bhavin4'),(56,'Ojas Faiyaz31'),(57,'Shreyas Tushar43'),(58,'Indranil Bhavin22'),(59,'Madhup Hiran27'),(60,'Rohan Eshan37'),(61,'Indrajit Vivaan21'),(62,'Vivaan Arnav48'),(63,'Pranay Yakshit32'),(64,'Eshan Devansh14'),(65,'Shaan Uthkarsh40'),(66,'Vivaan Lakshit48'),(67,'Arnav Hiran5'),(68,'Shaan Divit40'),(69,'Indrajit Shray21'),(70,'Pranay Reyansh32'),(71,'Yakshit Madhup49'),(72,'Darshit Vaibhav9'),(73,'Vivaan Aarush48'),(74,'Darshit Kiaan9'),(75,'Faiyaz Faiyaz15'),(76,'Himmat Shaan19'),(77,'Vivaan Chirag48'),(78,'Tushar Chirag44'),(79,'Dhruv Reyansh11'),(80,'Advik Himmat3'),(81,'Faiyaz Akarsh15'),(82,'Shaan Devansh40'),(83,'Arnav Rachit5'),(84,'Reyansh Devansh35'),(85,'Tushar Himmat44'),(86,'Ojas Shray31'),(87,'Indrajit Kiaan21'),(88,'Sahil Hiran38'),(89,'Eshan Arnav14'),(90,'Himmat Akarsh19'),(91,'Mitul Rohan28'),(92,'Advik Aayush3'),(93,'Tushar Darshit44'),(94,'Hansh Madhup17'),(95,'Faiyaz Reyansh15'),(96,'Aarav Priyansh0'),(97,'Chirag Divit8'),(98,'Reyansh Aarav35'),(99,'Eshan Pranay14'),(100,'Indranil Reyansh22');
/*!40000 ALTER TABLE `agent` ENABLE KEYS */;
UNLOCK TABLES;

--
-- Table structure for table `answer`
--

DROP TABLE IF EXISTS `answer`;
/*!40101 SET @saved_cs_client     = @@character_set_client */;
/*!40101 SET character_set_client = utf8 */;
CREATE TABLE `answer` (
  `ID` int(11) NOT NULL,
  `participantId` int(11) DEFAULT NULL,
  `questionId` int(11) DEFAULT NULL,
  `optionId` int(11) DEFAULT NULL,
  PRIMARY KEY (`ID`)
) ENGINE=InnoDB DEFAULT CHARSET=latin1;
/*!40101 SET character_set_client = @saved_cs_client */;

--
-- Dumping data for table `answer`
--

LOCK TABLES `answer` WRITE;
/*!40000 ALTER TABLE `answer` DISABLE KEYS */;
/*!40000 ALTER TABLE `answer` ENABLE KEYS */;
UNLOCK TABLES;

--
-- Table structure for table `attendance`
--

DROP TABLE IF EXISTS `attendance`;
/*!40101 SET @saved_cs_client     = @@character_set_client */;
/*!40101 SET character_set_client = utf8 */;
CREATE TABLE `attendance` (
  `id` int(11) NOT NULL,
  `projectId` int(11) DEFAULT NULL,
  `participantId` int(11) DEFAULT NULL,
  `eventId` int(11) DEFAULT NULL,
  `attendance` varchar(3) DEFAULT NULL,
  PRIMARY KEY (`id`)
) ENGINE=InnoDB DEFAULT CHARSET=latin1;
/*!40101 SET character_set_client = @saved_cs_client */;

--
-- Dumping data for table `attendance`
--

LOCK TABLES `attendance` WRITE;
/*!40000 ALTER TABLE `attendance` DISABLE KEYS */;
/*!40000 ALTER TABLE `attendance` ENABLE KEYS */;
UNLOCK TABLES;

--
-- Table structure for table `company`
--

DROP TABLE IF EXISTS `company`;
/*!40101 SET @saved_cs_client     = @@character_set_client */;
/*!40101 SET character_set_client = utf8 */;
CREATE TABLE `company` (
  `id` varchar(25) NOT NULL,
  `name` varchar(25) DEFAULT NULL,
  `address` varchar(25) DEFAULT NULL,
  PRIMARY KEY (`id`)
) ENGINE=InnoDB DEFAULT CHARSET=latin1;
/*!40101 SET character_set_client = @saved_cs_client */;

--
-- Dumping data for table `company`
--

LOCK TABLES `company` WRITE;
/*!40000 ALTER TABLE `company` DISABLE KEYS */;
INSERT INTO `company` VALUES ('1','hp ascend3','chennai'),('10','dell hp2','tvm'),('2','dell ascend2','tvm'),('3','ascend hyber0','eranakulam'),('4','hp hyber3','chennai'),('5','hp ascend3','chennai'),('6','ascend hp0','eranakulam'),('7','ascend hp0','eranakulam'),('8','hyber hp1','bangalur'),('9','dell hyber2','tvm');
/*!40000 ALTER TABLE `company` ENABLE KEYS */;
UNLOCK TABLES;

--
-- Table structure for table `event`
--

DROP TABLE IF EXISTS `event`;
/*!40101 SET @saved_cs_client     = @@character_set_client */;
/*!40101 SET character_set_client = utf8 */;
CREATE TABLE `event` (
  `id` int(11) NOT NULL,
  `eventName` varchar(25) DEFAULT NULL,
  `place` varchar(25) DEFAULT NULL,
  `date` varchar(25) DEFAULT NULL,
  `projectId` int(11) DEFAULT NULL,
  `agentId` int(11) DEFAULT NULL,
  PRIMARY KEY (`id`)
) ENGINE=InnoDB DEFAULT CHARSET=latin1;
/*!40101 SET character_set_client = @saved_cs_client */;

--
-- Dumping data for table `event`
--

LOCK TABLES `event` WRITE;
/*!40000 ALTER TABLE `event` DISABLE KEYS */;
INSERT INTO `event` VALUES (1,NULL,NULL,NULL,3,3),(2,NULL,NULL,NULL,3,13),(3,NULL,NULL,NULL,2,12),(4,NULL,NULL,NULL,5,5),(5,NULL,NULL,NULL,4,14),(6,NULL,NULL,NULL,2,2),(7,NULL,NULL,NULL,10,20),(8,NULL,NULL,NULL,4,14),(9,NULL,NULL,NULL,1,21),(10,NULL,NULL,NULL,5,15),(11,NULL,NULL,NULL,3,13),(12,NULL,NULL,NULL,2,2),(13,NULL,NULL,NULL,3,13),(14,NULL,NULL,NULL,6,16),(15,NULL,NULL,NULL,3,13),(16,NULL,NULL,NULL,8,8),(17,NULL,NULL,NULL,4,14),(18,NULL,NULL,NULL,1,21),(19,NULL,NULL,NULL,7,7),(20,NULL,NULL,NULL,3,3),(21,NULL,NULL,NULL,5,15);
/*!40000 ALTER TABLE `event` ENABLE KEYS */;
UNLOCK TABLES;

--
-- Table structure for table `options`
--

DROP TABLE IF EXISTS `options`;
/*!40101 SET @saved_cs_client     = @@character_set_client */;
/*!40101 SET character_set_client = utf8 */;
CREATE TABLE `options` (
  `id` int(11) NOT NULL,
  `questionId` int(11) DEFAULT NULL,
  `weight` int(11) DEFAULT NULL,
  PRIMARY KEY (`id`)
) ENGINE=InnoDB DEFAULT CHARSET=latin1;
/*!40101 SET character_set_client = @saved_cs_client */;

--
-- Dumping data for table `options`
--

LOCK TABLES `options` WRITE;
/*!40000 ALTER TABLE `options` DISABLE KEYS */;
INSERT INTO `options` VALUES (1,0,0),(2,0,0),(3,0,0),(4,0,0),(5,0,0),(6,0,0),(7,0,0),(8,0,0),(9,0,0),(10,0,0),(11,0,0),(12,0,0),(13,0,0),(14,0,0),(15,0,0),(16,0,0),(17,0,0),(18,0,0),(19,0,0),(20,0,0);
/*!40000 ALTER TABLE `options` ENABLE KEYS */;
UNLOCK TABLES;

--
-- Table structure for table `participant`
--

DROP TABLE IF EXISTS `participant`;
/*!40101 SET @saved_cs_client     = @@character_set_client */;
/*!40101 SET character_set_client = utf8 */;
CREATE TABLE `participant` (
  `id` int(11) NOT NULL,
  `name` varchar(25) DEFAULT NULL,
  `age` int(3) DEFAULT NULL,
  `gender` varchar(6) DEFAULT NULL,
  `address` varchar(50) DEFAULT NULL,
  PRIMARY KEY (`id`)
) ENGINE=InnoDB DEFAULT CHARSET=latin1;
/*!40101 SET character_set_client = @saved_cs_client */;

--
-- Dumping data for table `participant`
--

LOCK TABLES `participant` WRITE;
/*!40000 ALTER TABLE `participant` DISABLE KEYS */;
INSERT INTO `participant` VALUES (1,'preethu3 preethu31',23,'female','cherthala3'),(2,'preethu1 preethu11',23,'female','cherthala6'),(3,'preethu8 preethu80',23,'female','cherthala8'),(4,'preethu5 preethu31',23,'female','cherthala3'),(5,'preethu5 preethu31',23,'female','cherthala3'),(6,'preethu3 preethu30',23,'female','cherthala8'),(7,'preethu3 preethu30',23,'female','cherthala8'),(8,'preethu5 preethu31',23,'female','cherthala3'),(9,'William Kevin88',25,'M','Wayanad'),(10,'Aidan Noah120',32,'M','Alappuzha'),(11,'Benjamin Raj38',89,'M','Kottayam'),(12,'Samual Mason7',20,'M','Pathanmthitta'),(13,'Matthew Elijah81',22,'M','Kottayam'),(14,'Noah Jasy100',20,'F','Malappuram'),(15,'Jose Gabriel107',60,'M','Ernakulam'),(16,'Andrew Manu19',87,'M','Palakkad'),(17,'Zachary Mason106',57,'M','Alappuzha'),(18,'DanielD Evan84',20,'M','Kasaragod'),(19,'Brandon Alexander40',78,'M','Idukki'),(20,'Andrew Isaiah19',23,'M','Palakkad'),(21,'Daniel Jaison20',56,'M','Malappuram'),(22,'Matthew DanielD81',66,'M','Kottayam'),(23,'Dylan Isaac101',43,'M','Wayanad'),(24,'John Evan95',20,'M','Malappuram'),(25,'Justin Daniel49',23,'M','Ernakulam'),(26,'Evan Aidan51',32,'M','Malappuram'),(27,'Anthony Miche85',98,'F','Kannur'),(28,'Samu Zachary71',57,'M','Pathanmthitta'),(29,'Aidan Ethan120',32,'M','Alappuzha'),(30,'Ryan Christina90',43,'F','Alappuzha'),(31,'Christina Nicholas35',26,'M','Ernakulam'),(32,'Caleb Andrew112',35,'M','Malappuram'),(33,'Aidan Joshua120',32,'F','Alappuzha'),(34,'Jose Samuel43',60,'M','Ernakulam'),(35,'Gabriel Christopher105',42,'M','Wayanad'),(36,'Priya Matthew3',22,'F','Alappuzha'),(37,'Raj Christopher1',23,'M','Thammanam'),(38,'Jasy Christopher80',45,'M','Pathanamthitta'),(39,'William Miche88',25,'F','Wayanad'),(40,'Tyler Nathan29',33,'M','Kollam'),(41,'Aidan Ryan56',32,'M','Alappuzha'),(42,'Mary Nicholas9',22,'F','Aluva'),(43,'Brandon Caleb104',57,'M','Idukki'),(44,'Mary John9',23,'F','Aluva'),(45,'Praseeetha DanielD67',66,'F','Alappuzha'),(46,'Thomas Prana53',25,'M','Kottayam'),(47,'Alexander Aiden25',25,'M','Idukki'),(48,'Evan Jackson51',30,'M','Malappuram'),(49,'Alexander Isaac25',20,'M','Idukki'),(50,'David Tyler27',12,'M','Kottayam'),(51,'Manu Evan4',20,'M','Kannur'),(52,'Justin Caleb49',35,'M','Ernakulam'),(53,'William Aidan88',25,'M','Wayanad'),(54,'Jany Praseeetha13',21,'F','Kottayam'),(55,'Emily Samual14',32,'M','Kollam'),(56,'Luke Jonathan118',57,'M','Ernakulam'),(57,'Aiden Priyanka126',25,'F','Idukki'),(58,'Achu Zachary76',57,'M','Kollam'),(59,'Ryan Zachary26',57,'M','Alappuzha'),(60,'Samual Nathan7',33,'M','Pathanmthitta'),(61,'Ryan Justin90',43,'M','Alappuzha'),(62,'Jasy Jonathan80',19,'F','Pathanamthitta'),(63,'Gavin Gabriel60',42,'M','Idukki'),(64,'Prana Jordan69',25,'M','Aluva'),(65,'Luke Jordan118',57,'M','Ernakulam'),(66,'Priya Isaac10',20,'F','Alappuzha'),(67,'Jack Jany111',20,'F','Idukki'),(68,'William Alexander24',78,'M','Alappuzha'),(69,'Priya John3',23,'F','Alappuzha'),(70,'Jose Thomas43',23,'M','Ernakulam'),(71,'Manu Prana4',25,'M','Kannur'),(72,'Angel Jordan109',43,'M','Ernakulam'),(73,'Tyler Monu29',54,'M','Kollam'),(74,'Thomas Christopher53',23,'M','Kottayam'),(75,'Roshan Samual72',33,'M','Thoppumpadi'),(76,'Jose Jack43',20,'M','Ernakulam'),(77,'Elijah Jackson108',30,'M','Malappuram'),(78,'Connor Michael125',23,'F','Malappuram'),(79,'Priyanka Noah5',20,'F','Aluva'),(80,'Ethana Thomas82',23,'M','Idukki'),(81,'Manu Isaiah4',23,'M','Kannur'),(82,'Robert Mason116',57,'M','Ernakulam'),(83,'Brandon Priya104',57,'F','Idukki'),(84,'Thomas Monu117',23,'M','Kottayam'),(85,'EmilyJason Andrews78',87,'F','Kottayam'),(86,'James Brandon30',57,'M','Alappuzha'),(87,'Joshua Angel16',43,'F','Pathanamthitta'),(88,'Achu Jack76',20,'M','Kollam'),(89,'Samuel Ethana34',65,'M','Idukki'),(90,'Mary Mason9',20,'F','Aluva'),(91,'James Achu94',18,'M','Alappuzha'),(92,'Ravi Miche75',23,'F','Kannur'),(93,'Evan Benjamin115',20,'M','Malappuram'),(94,'Jany Christina13',26,'F','Kottayam'),(95,'Aidan David120',32,'M','Alappuzha'),(96,'Noah Evan36',20,'M','Malappuram'),(97,'Gavin Gabriel60',27,'M','Idukki'),(98,'Alwin Tyler66',12,'M','Aluva'),(99,'Logan Robert39',57,'M','Kottayam'),(100,'Jack Jasmin111',20,'F','Idukki');
/*!40000 ALTER TABLE `participant` ENABLE KEYS */;
UNLOCK TABLES;

--
-- Table structure for table `program`
--

DROP TABLE IF EXISTS `program`;
/*!40101 SET @saved_cs_client     = @@character_set_client */;
/*!40101 SET character_set_client = utf8 */;
CREATE TABLE `program` (
  `id` varchar(25) NOT NULL,
  `programName` varchar(25) DEFAULT NULL,
  PRIMARY KEY (`id`)
) ENGINE=InnoDB DEFAULT CHARSET=latin1;
/*!40101 SET character_set_client = @saved_cs_client */;

--
-- Dumping data for table `program`
--

LOCK TABLES `program` WRITE;
/*!40000 ALTER TABLE `program` DISABLE KEYS */;
INSERT INTO `program` VALUES ('1','tobacco-quit'),('2','tobacco-quit');
/*!40000 ALTER TABLE `program` ENABLE KEYS */;
UNLOCK TABLES;

--
-- Table structure for table `project`
--

DROP TABLE IF EXISTS `project`;
/*!40101 SET @saved_cs_client     = @@character_set_client */;
/*!40101 SET character_set_client = utf8 */;
CREATE TABLE `project` (
  `id` int(11) NOT NULL,
  `name` varchar(100) DEFAULT NULL,
  `progId` int(11) DEFAULT NULL,
  PRIMARY KEY (`id`)
) ENGINE=InnoDB DEFAULT CHARSET=latin1;
/*!40101 SET character_set_client = @saved_cs_client */;

--
-- Dumping data for table `project`
--

LOCK TABLES `project` WRITE;
/*!40000 ALTER TABLE `project` DISABLE KEYS */;
INSERT INTO `project` VALUES (1,'saturdayCampaign',NULL),(2,'wednesdayCampaign',NULL),(3,'wednesdayCampaign',NULL),(4,'oneDayCamp',NULL),(5,'oneDayCamp',NULL),(6,'mondayCampaign',NULL),(7,'theaterAdd',NULL),(8,'fridayCampaign',NULL),(9,'oneDayCamp',NULL),(10,'fridayCampaign',NULL);
/*!40000 ALTER TABLE `project` ENABLE KEYS */;
UNLOCK TABLES;

--
-- Table structure for table `question`
--

DROP TABLE IF EXISTS `question`;
/*!40101 SET @saved_cs_client     = @@character_set_client */;
/*!40101 SET character_set_client = utf8 */;
CREATE TABLE `question` (
  `id` int(11) NOT NULL,
  `description` varchar(200) DEFAULT NULL,
  `option1` varchar(50) DEFAULT NULL,
  `option2` varchar(50) DEFAULT NULL,
  `option3` varchar(50) DEFAULT NULL,
  `option4` varchar(50) DEFAULT NULL,
  PRIMARY KEY (`id`)
) ENGINE=InnoDB DEFAULT CHARSET=latin1;
/*!40101 SET character_set_client = @saved_cs_client */;

--
-- Dumping data for table `question`
--

LOCK TABLES `question` WRITE;
/*!40000 ALTER TABLE `question` DISABLE KEYS */;
/*!40000 ALTER TABLE `question` ENABLE KEYS */;
UNLOCK TABLES;

--
-- Table structure for table `questionLink`
--

DROP TABLE IF EXISTS `questionLink`;
/*!40101 SET @saved_cs_client     = @@character_set_client */;
/*!40101 SET character_set_client = utf8 */;
CREATE TABLE `questionLink` (
  `id` int(11) NOT NULL,
  `questionId` int(11) DEFAULT NULL,
  PRIMARY KEY (`id`)
) ENGINE=InnoDB DEFAULT CHARSET=latin1;
/*!40101 SET character_set_client = @saved_cs_client */;

--
-- Dumping data for table `questionLink`
--

LOCK TABLES `questionLink` WRITE;
/*!40000 ALTER TABLE `questionLink` DISABLE KEYS */;
/*!40000 ALTER TABLE `questionLink` ENABLE KEYS */;
UNLOCK TABLES;

--
-- Table structure for table `user`
--

DROP TABLE IF EXISTS `user`;
/*!40101 SET @saved_cs_client     = @@character_set_client */;
/*!40101 SET character_set_client = utf8 */;
CREATE TABLE `user` (
  `id` int(11) NOT NULL,
  `firstName` varchar(25) DEFAULT NULL,
  `lastName` varchar(25) DEFAULT NULL,
  `age` int(3) DEFAULT NULL,
  `username` varchar(25) DEFAULT NULL,
  `password` varchar(25) DEFAULT NULL,
  PRIMARY KEY (`id`)
) ENGINE=InnoDB DEFAULT CHARSET=latin1;
/*!40101 SET character_set_client = @saved_cs_client */;

--
-- Dumping data for table `user`
--

LOCK TABLES `user` WRITE;
/*!40000 ALTER TABLE `user` DISABLE KEYS */;
/*!40000 ALTER TABLE `user` ENABLE KEYS */;
UNLOCK TABLES;
/*!40103 SET TIME_ZONE=@OLD_TIME_ZONE */;

/*!40101 SET SQL_MODE=@OLD_SQL_MODE */;
/*!40014 SET FOREIGN_KEY_CHECKS=@OLD_FOREIGN_KEY_CHECKS */;
/*!40014 SET UNIQUE_CHECKS=@OLD_UNIQUE_CHECKS */;
/*!40101 SET CHARACTER_SET_CLIENT=@OLD_CHARACTER_SET_CLIENT */;
/*!40101 SET CHARACTER_SET_RESULTS=@OLD_CHARACTER_SET_RESULTS */;
/*!40101 SET COLLATION_CONNECTION=@OLD_COLLATION_CONNECTION */;
/*!40111 SET SQL_NOTES=@OLD_SQL_NOTES */;

-- Dump completed on 2017-09-22 10:36:08
