-- MySQL dump 10.13  Distrib 5.6.29, for osx10.11 (x86_64)
--
-- Host: localhost    Database: surveyvisual
-- ------------------------------------------------------
-- Server version	5.6.29

/*!40101 SET @OLD_CHARACTER_SET_CLIENT=@@CHARACTER_SET_CLIENT */;
/*!40101 SET @OLD_CHARACTER_SET_RESULTS=@@CHARACTER_SET_RESULTS */;
/*!40101 SET @OLD_COLLATION_CONNECTION=@@COLLATION_CONNECTION */;
/*!40101 SET NAMES utf8 */;
/*!40103 SET @OLD_TIME_ZONE=@@TIME_ZONE */;
/*!40103 SET TIME_ZONE='+00:00' */;
/*!40014 SET @OLD_UNIQUE_CHECKS=@@UNIQUE_CHECKS, UNIQUE_CHECKS=0 */;
/*!40014 SET @OLD_FOREIGN_KEY_CHECKS=@@FOREIGN_KEY_CHECKS, FOREIGN_KEY_CHECKS=0 */;
/*!40101 SET @OLD_SQL_MODE=@@SQL_MODE, SQL_MODE='NO_AUTO_VALUE_ON_ZERO' */;
/*!40111 SET @OLD_SQL_NOTES=@@SQL_NOTES, SQL_NOTES=0 */;

--
-- Table structure for table `agent`
--

DROP TABLE IF EXISTS `agent`;
/*!40101 SET @saved_cs_client     = @@character_set_client */;
/*!40101 SET character_set_client = utf8 */;
CREATE TABLE `agent` (
  `id` int(11) NOT NULL,
  `agentName` varchar(25) DEFAULT NULL,
  PRIMARY KEY (`id`)
) ENGINE=InnoDB DEFAULT CHARSET=latin1;
/*!40101 SET character_set_client = @saved_cs_client */;

--
-- Dumping data for table `agent`
--

LOCK TABLES `agent` WRITE;
/*!40000 ALTER TABLE `agent` DISABLE KEYS */;
INSERT INTO `agent` VALUES (1,'Gurkiran Rohan16'),(2,'Sahil Advik38'),(3,'Aayush Jayesh2'),(4,'Bhavin Samar7'),(5,'Vaibhav Divyansh46'),(6,'Aarush Priyansh1'),(7,'Vaibhav Hansh46'),(8,'Darshit Ojas9'),(9,'Advik Mitul3'),(10,'Aayush Rohan2');
/*!40000 ALTER TABLE `agent` ENABLE KEYS */;
UNLOCK TABLES;

--
-- Table structure for table `answer`
--

DROP TABLE IF EXISTS `answer`;
/*!40101 SET @saved_cs_client     = @@character_set_client */;
/*!40101 SET character_set_client = utf8 */;
CREATE TABLE `answer` (
  `ID` int(11) NOT NULL AUTO_INCREMENT,
  `participantId` int(11) DEFAULT NULL,
  `questionId` int(11) DEFAULT NULL,
  `optionId` int(11) DEFAULT NULL,
  `eventId` int(11) DEFAULT NULL,
  `programId` int(11) DEFAULT NULL,
  PRIMARY KEY (`ID`)
) ENGINE=InnoDB AUTO_INCREMENT=2001 DEFAULT CHARSET=latin1;
/*!40101 SET character_set_client = @saved_cs_client */;

--
-- Dumping data for table `answer`
--

LOCK TABLES `answer` WRITE;
/*!40000 ALTER TABLE `answer` DISABLE KEYS */;
INSERT INTO `answer` VALUES (1,1,1,1,3,1),(2,1,2,1,3,1),(3,1,3,1,3,1),(4,1,4,1,3,1),(5,1,5,3,3,1),(6,1,6,2,3,1),(7,1,7,3,3,1),(8,1,8,3,3,1),(9,1,9,2,3,1),(10,1,10,1,3,1),(11,1,11,1,3,1),(12,1,12,1,3,1),(13,1,13,1,3,1),(14,1,14,1,3,1),(15,1,15,3,3,1),(16,1,16,1,3,1),(17,1,17,1,3,1),(18,1,18,1,3,1),(19,1,19,1,3,1),(20,1,20,1,3,1),(21,2,1,1,3,1),(22,2,2,1,3,1),(23,2,3,1,3,1),(24,2,4,1,3,1),(25,2,5,2,3,1),(26,2,6,2,3,1),(27,2,7,1,3,1),(28,2,8,1,3,1),(29,2,9,1,3,1),(30,2,10,1,3,1),(31,2,11,1,3,1),(32,2,12,1,3,1),(33,2,13,1,3,1),(34,2,14,3,3,1),(35,2,15,1,3,1),(36,2,16,1,3,1),(37,2,17,1,3,1),(38,2,18,1,3,1),(39,2,19,2,3,1),(40,2,20,1,3,1),(41,3,1,1,3,1),(42,3,2,1,3,1),(43,3,3,1,3,1),(44,3,4,1,3,1),(45,3,5,2,3,1),(46,3,6,2,3,1),(47,3,7,2,3,1),(48,3,8,2,3,1),(49,3,9,2,3,1),(50,3,10,1,3,1),(51,3,11,1,3,1),(52,3,12,1,3,1),(53,3,13,1,3,1),(54,3,14,1,3,1),(55,3,15,1,3,1),(56,3,16,3,3,1),(57,3,17,1,3,1),(58,3,18,1,3,1),(59,3,19,1,3,1),(60,3,20,1,3,1),(61,4,1,1,3,1),(62,4,2,1,3,1),(63,4,3,3,3,1),(64,4,4,1,3,1),(65,4,5,1,3,1),(66,4,6,1,3,1),(67,4,7,1,3,1),(68,4,8,1,3,1),(69,4,9,3,3,1),(70,4,10,1,3,1),(71,4,11,1,3,1),(72,4,12,1,3,1),(73,4,13,1,3,1),(74,4,14,3,3,1),(75,4,15,2,3,1),(76,4,16,1,3,1),(77,4,17,1,3,1),(78,4,18,1,3,1),(79,4,19,3,3,1),(80,4,20,1,3,1),(81,5,1,1,3,1),(82,5,2,1,3,1),(83,5,3,2,3,1),(84,5,4,1,3,1),(85,5,5,2,3,1),(86,5,6,2,3,1),(87,5,7,1,3,1),(88,5,8,1,3,1),(89,5,9,1,3,1),(90,5,10,1,3,1),(91,5,11,1,3,1),(92,5,12,1,3,1),(93,5,13,1,3,1),(94,5,14,3,3,1),(95,5,15,1,3,1),(96,5,16,2,3,1),(97,5,17,1,3,1),(98,5,18,1,3,1),(99,5,19,1,3,1),(100,5,20,1,3,1),(101,6,1,1,3,1),(102,6,2,1,3,1),(103,6,3,2,3,1),(104,6,4,1,3,1),(105,6,5,1,3,1),(106,6,6,1,3,1),(107,6,7,2,3,1),(108,6,8,1,3,1),(109,6,9,1,3,1),(110,6,10,1,3,1),(111,6,11,1,3,1),(112,6,12,1,3,1),(113,6,13,1,3,1),(114,6,14,2,3,1),(115,6,15,2,3,1),(116,6,16,3,3,1),(117,6,17,1,3,1),(118,6,18,1,3,1),(119,6,19,1,3,1),(120,6,20,1,3,1),(121,7,1,1,3,1),(122,7,2,1,3,1),(123,7,3,1,3,1),(124,7,4,1,3,1),(125,7,5,3,3,1),(126,7,6,1,3,1),(127,7,7,1,3,1),(128,7,8,3,3,1),(129,7,9,1,3,1),(130,7,10,1,3,1),(131,7,11,1,3,1),(132,7,12,1,3,1),(133,7,13,1,3,1),(134,7,14,1,3,1),(135,7,15,3,3,1),(136,7,16,3,3,1),(137,7,17,1,3,1),(138,7,18,1,3,1),(139,7,19,2,3,1),(140,7,20,1,3,1),(141,8,1,1,3,1),(142,8,2,1,3,1),(143,8,3,3,3,1),(144,8,4,1,3,1),(145,8,5,1,3,1),(146,8,6,2,3,1),(147,8,7,2,3,1),(148,8,8,1,3,1),(149,8,9,1,3,1),(150,8,10,1,3,1),(151,8,11,1,3,1),(152,8,12,1,3,1),(153,8,13,1,3,1),(154,8,14,1,3,1),(155,8,15,2,3,1),(156,8,16,1,3,1),(157,8,17,1,3,1),(158,8,18,1,3,1),(159,8,19,1,3,1),(160,8,20,1,3,1),(161,9,1,1,3,1),(162,9,2,1,3,1),(163,9,3,3,3,1),(164,9,4,1,3,1),(165,9,5,1,3,1),(166,9,6,2,3,1),(167,9,7,1,3,1),(168,9,8,3,3,1),(169,9,9,1,3,1),(170,9,10,1,3,1),(171,9,11,1,3,1),(172,9,12,1,3,1),(173,9,13,1,3,1),(174,9,14,3,3,1),(175,9,15,2,3,1),(176,9,16,1,3,1),(177,9,17,1,3,1),(178,9,18,1,3,1),(179,9,19,1,3,1),(180,9,20,1,3,1),(181,10,1,1,3,1),(182,10,2,1,3,1),(183,10,3,1,3,1),(184,10,4,1,3,1),(185,10,5,2,3,1),(186,10,6,3,3,1),(187,10,7,2,3,1),(188,10,8,1,3,1),(189,10,9,3,3,1),(190,10,10,1,3,1),(191,10,11,1,3,1),(192,10,12,1,3,1),(193,10,13,1,3,1),(194,10,14,3,3,1),(195,10,15,1,3,1),(196,10,16,1,3,1),(197,10,17,1,3,1),(198,10,18,1,3,1),(199,10,19,3,3,1),(200,10,20,1,3,1),(201,1,1,1,4,1),(202,1,2,1,4,1),(203,1,3,1,4,1),(204,1,4,1,4,1),(205,1,5,1,4,1),(206,1,6,2,4,1),(207,1,7,2,4,1),(208,1,8,1,4,1),(209,1,9,1,4,1),(210,1,10,1,4,1),(211,1,11,1,4,1),(212,1,12,1,4,1),(213,1,13,1,4,1),(214,1,14,1,4,1),(215,1,15,2,4,1),(216,1,16,1,4,1),(217,1,17,1,4,1),(218,1,18,1,4,1),(219,1,19,1,4,1),(220,1,20,1,4,1),(221,2,1,1,4,1),(222,2,2,1,4,1),(223,2,3,1,4,1),(224,2,4,1,4,1),(225,2,5,1,4,1),(226,2,6,3,4,1),(227,2,7,1,4,1),(228,2,8,3,4,1),(229,2,9,1,4,1),(230,2,10,1,4,1),(231,2,11,1,4,1),(232,2,12,1,4,1),(233,2,13,1,4,1),(234,2,14,1,4,1),(235,2,15,3,4,1),(236,2,16,1,4,1),(237,2,17,1,4,1),(238,2,18,1,4,1),(239,2,19,1,4,1),(240,2,20,1,4,1),(241,3,1,1,4,1),(242,3,2,1,4,1),(243,3,3,1,4,1),(244,3,4,1,4,1),(245,3,5,2,4,1),(246,3,6,3,4,1),(247,3,7,3,4,1),(248,3,8,3,4,1),(249,3,9,3,4,1),(250,3,10,1,4,1),(251,3,11,1,4,1),(252,3,12,1,4,1),(253,3,13,1,4,1),(254,3,14,2,4,1),(255,3,15,3,4,1),(256,3,16,2,4,1),(257,3,17,1,4,1),(258,3,18,1,4,1),(259,3,19,1,4,1),(260,3,20,1,4,1),(261,4,1,1,4,1),(262,4,2,1,4,1),(263,4,3,3,4,1),(264,4,4,1,4,1),(265,4,5,2,4,1),(266,4,6,2,4,1),(267,4,7,3,4,1),(268,4,8,1,4,1),(269,4,9,1,4,1),(270,4,10,1,4,1),(271,4,11,1,4,1),(272,4,12,1,4,1),(273,4,13,1,4,1),(274,4,14,2,4,1),(275,4,15,1,4,1),(276,4,16,2,4,1),(277,4,17,1,4,1),(278,4,18,1,4,1),(279,4,19,2,4,1),(280,4,20,1,4,1),(281,5,1,1,4,1),(282,5,2,1,4,1),(283,5,3,1,4,1),(284,5,4,1,4,1),(285,5,5,1,4,1),(286,5,6,2,4,1),(287,5,7,2,4,1),(288,5,8,1,4,1),(289,5,9,2,4,1),(290,5,10,1,4,1),(291,5,11,1,4,1),(292,5,12,1,4,1),(293,5,13,1,4,1),(294,5,14,3,4,1),(295,5,15,2,4,1),(296,5,16,1,4,1),(297,5,17,1,4,1),(298,5,18,1,4,1),(299,5,19,1,4,1),(300,5,20,1,4,1),(301,6,1,1,4,1),(302,6,2,1,4,1),(303,6,3,1,4,1),(304,6,4,1,4,1),(305,6,5,1,4,1),(306,6,6,1,4,1),(307,6,7,1,4,1),(308,6,8,1,4,1),(309,6,9,1,4,1),(310,6,10,1,4,1),(311,6,11,1,4,1),(312,6,12,1,4,1),(313,6,13,1,4,1),(314,6,14,2,4,1),(315,6,15,2,4,1),(316,6,16,1,4,1),(317,6,17,1,4,1),(318,6,18,1,4,1),(319,6,19,3,4,1),(320,6,20,1,4,1),(321,7,1,1,4,1),(322,7,2,1,4,1),(323,7,3,3,4,1),(324,7,4,1,4,1),(325,7,5,2,4,1),(326,7,6,1,4,1),(327,7,7,1,4,1),(328,7,8,3,4,1),(329,7,9,3,4,1),(330,7,10,1,4,1),(331,7,11,1,4,1),(332,7,12,1,4,1),(333,7,13,1,4,1),(334,7,14,3,4,1),(335,7,15,1,4,1),(336,7,16,3,4,1),(337,7,17,1,4,1),(338,7,18,1,4,1),(339,7,19,1,4,1),(340,7,20,1,4,1),(341,8,1,1,4,1),(342,8,2,1,4,1),(343,8,3,1,4,1),(344,8,4,1,4,1),(345,8,5,1,4,1),(346,8,6,2,4,1),(347,8,7,1,4,1),(348,8,8,3,4,1),(349,8,9,1,4,1),(350,8,10,1,4,1),(351,8,11,1,4,1),(352,8,12,1,4,1),(353,8,13,1,4,1),(354,8,14,3,4,1),(355,8,15,2,4,1),(356,8,16,1,4,1),(357,8,17,1,4,1),(358,8,18,1,4,1),(359,8,19,3,4,1),(360,8,20,1,4,1),(361,9,1,1,4,1),(362,9,2,1,4,1),(363,9,3,1,4,1),(364,9,4,1,4,1),(365,9,5,2,4,1),(366,9,6,3,4,1),(367,9,7,3,4,1),(368,9,8,1,4,1),(369,9,9,1,4,1),(370,9,10,1,4,1),(371,9,11,1,4,1),(372,9,12,1,4,1),(373,9,13,1,4,1),(374,9,14,1,4,1),(375,9,15,2,4,1),(376,9,16,3,4,1),(377,9,17,1,4,1),(378,9,18,1,4,1),(379,9,19,3,4,1),(380,9,20,1,4,1),(381,10,1,1,4,1),(382,10,2,1,4,1),(383,10,3,3,4,1),(384,10,4,1,4,1),(385,10,5,1,4,1),(386,10,6,3,4,1),(387,10,7,2,4,1),(388,10,8,1,4,1),(389,10,9,1,4,1),(390,10,10,1,4,1),(391,10,11,1,4,1),(392,10,12,1,4,1),(393,10,13,1,4,1),(394,10,14,3,4,1),(395,10,15,2,4,1),(396,10,16,3,4,1),(397,10,17,1,4,1),(398,10,18,1,4,1),(399,10,19,1,4,1),(400,10,20,1,4,1),(401,1,1,1,6,1),(402,1,2,1,6,1),(403,1,3,1,6,1),(404,1,4,1,6,1),(405,1,5,3,6,1),(406,1,6,2,6,1),(407,1,7,2,6,1),(408,1,8,2,6,1),(409,1,9,2,6,1),(410,1,10,1,6,1),(411,1,11,1,6,1),(412,1,12,1,6,1),(413,1,13,1,6,1),(414,1,14,1,6,1),(415,1,15,3,6,1),(416,1,16,1,6,1),(417,1,17,1,6,1),(418,1,18,1,6,1),(419,1,19,3,6,1),(420,1,20,1,6,1),(421,2,1,1,6,1),(422,2,2,1,6,1),(423,2,3,1,6,1),(424,2,4,1,6,1),(425,2,5,2,6,1),(426,2,6,1,6,1),(427,2,7,1,6,1),(428,2,8,1,6,1),(429,2,9,3,6,1),(430,2,10,1,6,1),(431,2,11,1,6,1),(432,2,12,1,6,1),(433,2,13,1,6,1),(434,2,14,1,6,1),(435,2,15,1,6,1),(436,2,16,2,6,1),(437,2,17,1,6,1),(438,2,18,1,6,1),(439,2,19,3,6,1),(440,2,20,1,6,1),(441,3,1,1,6,1),(442,3,2,1,6,1),(443,3,3,1,6,1),(444,3,4,1,6,1),(445,3,5,2,6,1),(446,3,6,3,6,1),(447,3,7,1,6,1),(448,3,8,1,6,1),(449,3,9,1,6,1),(450,3,10,1,6,1),(451,3,11,1,6,1),(452,3,12,1,6,1),(453,3,13,1,6,1),(454,3,14,1,6,1),(455,3,15,1,6,1),(456,3,16,1,6,1),(457,3,17,1,6,1),(458,3,18,1,6,1),(459,3,19,1,6,1),(460,3,20,1,6,1),(461,4,1,1,6,1),(462,4,2,1,6,1),(463,4,3,2,6,1),(464,4,4,1,6,1),(465,4,5,1,6,1),(466,4,6,1,6,1),(467,4,7,1,6,1),(468,4,8,1,6,1),(469,4,9,1,6,1),(470,4,10,1,6,1),(471,4,11,1,6,1),(472,4,12,1,6,1),(473,4,13,1,6,1),(474,4,14,1,6,1),(475,4,15,1,6,1),(476,4,16,1,6,1),(477,4,17,1,6,1),(478,4,18,1,6,1),(479,4,19,2,6,1),(480,4,20,1,6,1),(481,5,1,1,6,1),(482,5,2,1,6,1),(483,5,3,1,6,1),(484,5,4,1,6,1),(485,5,5,3,6,1),(486,5,6,2,6,1),(487,5,7,3,6,1),(488,5,8,3,6,1),(489,5,9,2,6,1),(490,5,10,1,6,1),(491,5,11,1,6,1),(492,5,12,1,6,1),(493,5,13,1,6,1),(494,5,14,1,6,1),(495,5,15,1,6,1),(496,5,16,3,6,1),(497,5,17,1,6,1),(498,5,18,1,6,1),(499,5,19,1,6,1),(500,5,20,1,6,1),(501,6,1,1,6,1),(502,6,2,1,6,1),(503,6,3,3,6,1),(504,6,4,1,6,1),(505,6,5,3,6,1),(506,6,6,3,6,1),(507,6,7,3,6,1),(508,6,8,1,6,1),(509,6,9,3,6,1),(510,6,10,1,6,1),(511,6,11,1,6,1),(512,6,12,1,6,1),(513,6,13,1,6,1),(514,6,14,3,6,1),(515,6,15,1,6,1),(516,6,16,2,6,1),(517,6,17,1,6,1),(518,6,18,1,6,1),(519,6,19,3,6,1),(520,6,20,1,6,1),(521,7,1,1,6,1),(522,7,2,1,6,1),(523,7,3,2,6,1),(524,7,4,1,6,1),(525,7,5,2,6,1),(526,7,6,3,6,1),(527,7,7,2,6,1),(528,7,8,3,6,1),(529,7,9,3,6,1),(530,7,10,1,6,1),(531,7,11,1,6,1),(532,7,12,1,6,1),(533,7,13,1,6,1),(534,7,14,2,6,1),(535,7,15,2,6,1),(536,7,16,2,6,1),(537,7,17,1,6,1),(538,7,18,1,6,1),(539,7,19,1,6,1),(540,7,20,1,6,1),(541,8,1,1,6,1),(542,8,2,1,6,1),(543,8,3,2,6,1),(544,8,4,1,6,1),(545,8,5,2,6,1),(546,8,6,1,6,1),(547,8,7,2,6,1),(548,8,8,3,6,1),(549,8,9,1,6,1),(550,8,10,1,6,1),(551,8,11,1,6,1),(552,8,12,1,6,1),(553,8,13,1,6,1),(554,8,14,1,6,1),(555,8,15,3,6,1),(556,8,16,3,6,1),(557,8,17,1,6,1),(558,8,18,1,6,1),(559,8,19,2,6,1),(560,8,20,1,6,1),(561,9,1,1,6,1),(562,9,2,1,6,1),(563,9,3,1,6,1),(564,9,4,1,6,1),(565,9,5,1,6,1),(566,9,6,2,6,1),(567,9,7,2,6,1),(568,9,8,1,6,1),(569,9,9,2,6,1),(570,9,10,1,6,1),(571,9,11,1,6,1),(572,9,12,1,6,1),(573,9,13,1,6,1),(574,9,14,3,6,1),(575,9,15,3,6,1),(576,9,16,1,6,1),(577,9,17,1,6,1),(578,9,18,1,6,1),(579,9,19,2,6,1),(580,9,20,1,6,1),(581,10,1,1,6,1),(582,10,2,1,6,1),(583,10,3,1,6,1),(584,10,4,1,6,1),(585,10,5,1,6,1),(586,10,6,1,6,1),(587,10,7,3,6,1),(588,10,8,3,6,1),(589,10,9,3,6,1),(590,10,10,1,6,1),(591,10,11,1,6,1),(592,10,12,1,6,1),(593,10,13,1,6,1),(594,10,14,1,6,1),(595,10,15,1,6,1),(596,10,16,2,6,1),(597,10,17,1,6,1),(598,10,18,1,6,1),(599,10,19,2,6,1),(600,10,20,1,6,1),(601,1,1,1,7,1),(602,1,2,1,7,1),(603,1,3,2,7,1),(604,1,4,1,7,1),(605,1,5,1,7,1),(606,1,6,1,7,1),(607,1,7,1,7,1),(608,1,8,3,7,1),(609,1,9,3,7,1),(610,1,10,1,7,1),(611,1,11,1,7,1),(612,1,12,1,7,1),(613,1,13,1,7,1),(614,1,14,3,7,1),(615,1,15,1,7,1),(616,1,16,1,7,1),(617,1,17,1,7,1),(618,1,18,1,7,1),(619,1,19,1,7,1),(620,1,20,1,7,1),(621,2,1,1,7,1),(622,2,2,1,7,1),(623,2,3,1,7,1),(624,2,4,1,7,1),(625,2,5,1,7,1),(626,2,6,1,7,1),(627,2,7,2,7,1),(628,2,8,1,7,1),(629,2,9,2,7,1),(630,2,10,1,7,1),(631,2,11,1,7,1),(632,2,12,1,7,1),(633,2,13,1,7,1),(634,2,14,1,7,1),(635,2,15,1,7,1),(636,2,16,1,7,1),(637,2,17,1,7,1),(638,2,18,1,7,1),(639,2,19,1,7,1),(640,2,20,1,7,1),(641,3,1,1,7,1),(642,3,2,1,7,1),(643,3,3,3,7,1),(644,3,4,1,7,1),(645,3,5,2,7,1),(646,3,6,1,7,1),(647,3,7,2,7,1),(648,3,8,1,7,1),(649,3,9,3,7,1),(650,3,10,1,7,1),(651,3,11,1,7,1),(652,3,12,1,7,1),(653,3,13,1,7,1),(654,3,14,1,7,1),(655,3,15,2,7,1),(656,3,16,1,7,1),(657,3,17,1,7,1),(658,3,18,1,7,1),(659,3,19,2,7,1),(660,3,20,1,7,1),(661,4,1,1,7,1),(662,4,2,1,7,1),(663,4,3,2,7,1),(664,4,4,1,7,1),(665,4,5,1,7,1),(666,4,6,1,7,1),(667,4,7,1,7,1),(668,4,8,1,7,1),(669,4,9,1,7,1),(670,4,10,1,7,1),(671,4,11,1,7,1),(672,4,12,1,7,1),(673,4,13,1,7,1),(674,4,14,1,7,1),(675,4,15,1,7,1),(676,4,16,1,7,1),(677,4,17,1,7,1),(678,4,18,1,7,1),(679,4,19,1,7,1),(680,4,20,1,7,1),(681,5,1,1,7,1),(682,5,2,1,7,1),(683,5,3,1,7,1),(684,5,4,1,7,1),(685,5,5,2,7,1),(686,5,6,1,7,1),(687,5,7,3,7,1),(688,5,8,1,7,1),(689,5,9,2,7,1),(690,5,10,1,7,1),(691,5,11,1,7,1),(692,5,12,1,7,1),(693,5,13,1,7,1),(694,5,14,1,7,1),(695,5,15,2,7,1),(696,5,16,3,7,1),(697,5,17,1,7,1),(698,5,18,1,7,1),(699,5,19,1,7,1),(700,5,20,1,7,1),(701,6,1,1,7,1),(702,6,2,1,7,1),(703,6,3,1,7,1),(704,6,4,1,7,1),(705,6,5,1,7,1),(706,6,6,1,7,1),(707,6,7,3,7,1),(708,6,8,1,7,1),(709,6,9,1,7,1),(710,6,10,1,7,1),(711,6,11,1,7,1),(712,6,12,1,7,1),(713,6,13,1,7,1),(714,6,14,3,7,1),(715,6,15,2,7,1),(716,6,16,3,7,1),(717,6,17,1,7,1),(718,6,18,1,7,1),(719,6,19,3,7,1),(720,6,20,1,7,1),(721,7,1,1,7,1),(722,7,2,1,7,1),(723,7,3,1,7,1),(724,7,4,1,7,1),(725,7,5,1,7,1),(726,7,6,1,7,1),(727,7,7,1,7,1),(728,7,8,3,7,1),(729,7,9,3,7,1),(730,7,10,1,7,1),(731,7,11,1,7,1),(732,7,12,1,7,1),(733,7,13,1,7,1),(734,7,14,1,7,1),(735,7,15,1,7,1),(736,7,16,1,7,1),(737,7,17,1,7,1),(738,7,18,1,7,1),(739,7,19,1,7,1),(740,7,20,1,7,1),(741,8,1,1,7,1),(742,8,2,1,7,1),(743,8,3,1,7,1),(744,8,4,1,7,1),(745,8,5,1,7,1),(746,8,6,3,7,1),(747,8,7,1,7,1),(748,8,8,1,7,1),(749,8,9,1,7,1),(750,8,10,1,7,1),(751,8,11,1,7,1),(752,8,12,1,7,1),(753,8,13,1,7,1),(754,8,14,3,7,1),(755,8,15,1,7,1),(756,8,16,1,7,1),(757,8,17,1,7,1),(758,8,18,1,7,1),(759,8,19,2,7,1),(760,8,20,1,7,1),(761,9,1,1,7,1),(762,9,2,1,7,1),(763,9,3,1,7,1),(764,9,4,1,7,1),(765,9,5,2,7,1),(766,9,6,2,7,1),(767,9,7,1,7,1),(768,9,8,1,7,1),(769,9,9,2,7,1),(770,9,10,1,7,1),(771,9,11,1,7,1),(772,9,12,1,7,1),(773,9,13,1,7,1),(774,9,14,3,7,1),(775,9,15,1,7,1),(776,9,16,2,7,1),(777,9,17,1,7,1),(778,9,18,1,7,1),(779,9,19,1,7,1),(780,9,20,1,7,1),(781,10,1,1,7,1),(782,10,2,1,7,1),(783,10,3,2,7,1),(784,10,4,1,7,1),(785,10,5,3,7,1),(786,10,6,1,7,1),(787,10,7,2,7,1),(788,10,8,3,7,1),(789,10,9,2,7,1),(790,10,10,1,7,1),(791,10,11,1,7,1),(792,10,12,1,7,1),(793,10,13,1,7,1),(794,10,14,1,7,1),(795,10,15,1,7,1),(796,10,16,3,7,1),(797,10,17,1,7,1),(798,10,18,1,7,1),(799,10,19,2,7,1),(800,10,20,1,7,1),(801,1,1,1,9,1),(802,1,2,1,9,1),(803,1,3,1,9,1),(804,1,4,1,9,1),(805,1,5,1,9,1),(806,1,6,1,9,1),(807,1,7,2,9,1),(808,1,8,2,9,1),(809,1,9,2,9,1),(810,1,10,1,9,1),(811,1,11,1,9,1),(812,1,12,1,9,1),(813,1,13,1,9,1),(814,1,14,3,9,1),(815,1,15,1,9,1),(816,1,16,1,9,1),(817,1,17,1,9,1),(818,1,18,1,9,1),(819,1,19,1,9,1),(820,1,20,1,9,1),(821,2,1,1,9,1),(822,2,2,1,9,1),(823,2,3,1,9,1),(824,2,4,1,9,1),(825,2,5,2,9,1),(826,2,6,2,9,1),(827,2,7,1,9,1),(828,2,8,3,9,1),(829,2,9,3,9,1),(830,2,10,1,9,1),(831,2,11,1,9,1),(832,2,12,1,9,1),(833,2,13,1,9,1),(834,2,14,3,9,1),(835,2,15,2,9,1),(836,2,16,3,9,1),(837,2,17,1,9,1),(838,2,18,1,9,1),(839,2,19,3,9,1),(840,2,20,1,9,1),(841,3,1,1,9,1),(842,3,2,1,9,1),(843,3,3,1,9,1),(844,3,4,1,9,1),(845,3,5,3,9,1),(846,3,6,1,9,1),(847,3,7,1,9,1),(848,3,8,1,9,1),(849,3,9,1,9,1),(850,3,10,1,9,1),(851,3,11,1,9,1),(852,3,12,1,9,1),(853,3,13,1,9,1),(854,3,14,2,9,1),(855,3,15,1,9,1),(856,3,16,2,9,1),(857,3,17,1,9,1),(858,3,18,1,9,1),(859,3,19,1,9,1),(860,3,20,1,9,1),(861,4,1,1,9,1),(862,4,2,1,9,1),(863,4,3,1,9,1),(864,4,4,1,9,1),(865,4,5,2,9,1),(866,4,6,1,9,1),(867,4,7,1,9,1),(868,4,8,3,9,1),(869,4,9,3,9,1),(870,4,10,1,9,1),(871,4,11,1,9,1),(872,4,12,1,9,1),(873,4,13,1,9,1),(874,4,14,3,9,1),(875,4,15,1,9,1),(876,4,16,3,9,1),(877,4,17,1,9,1),(878,4,18,1,9,1),(879,4,19,3,9,1),(880,4,20,1,9,1),(881,5,1,1,9,1),(882,5,2,1,9,1),(883,5,3,3,9,1),(884,5,4,1,9,1),(885,5,5,1,9,1),(886,5,6,2,9,1),(887,5,7,1,9,1),(888,5,8,1,9,1),(889,5,9,2,9,1),(890,5,10,1,9,1),(891,5,11,1,9,1),(892,5,12,1,9,1),(893,5,13,1,9,1),(894,5,14,1,9,1),(895,5,15,2,9,1),(896,5,16,3,9,1),(897,5,17,1,9,1),(898,5,18,1,9,1),(899,5,19,2,9,1),(900,5,20,1,9,1),(901,6,1,1,9,1),(902,6,2,1,9,1),(903,6,3,3,9,1),(904,6,4,1,9,1),(905,6,5,3,9,1),(906,6,6,1,9,1),(907,6,7,3,9,1),(908,6,8,1,9,1),(909,6,9,1,9,1),(910,6,10,1,9,1),(911,6,11,1,9,1),(912,6,12,1,9,1),(913,6,13,1,9,1),(914,6,14,1,9,1),(915,6,15,1,9,1),(916,6,16,2,9,1),(917,6,17,1,9,1),(918,6,18,1,9,1),(919,6,19,3,9,1),(920,6,20,1,9,1),(921,7,1,1,9,1),(922,7,2,1,9,1),(923,7,3,2,9,1),(924,7,4,1,9,1),(925,7,5,2,9,1),(926,7,6,3,9,1),(927,7,7,2,9,1),(928,7,8,1,9,1),(929,7,9,3,9,1),(930,7,10,1,9,1),(931,7,11,1,9,1),(932,7,12,1,9,1),(933,7,13,1,9,1),(934,7,14,1,9,1),(935,7,15,2,9,1),(936,7,16,3,9,1),(937,7,17,1,9,1),(938,7,18,1,9,1),(939,7,19,2,9,1),(940,7,20,1,9,1),(941,8,1,1,9,1),(942,8,2,1,9,1),(943,8,3,2,9,1),(944,8,4,1,9,1),(945,8,5,2,9,1),(946,8,6,2,9,1),(947,8,7,2,9,1),(948,8,8,1,9,1),(949,8,9,1,9,1),(950,8,10,1,9,1),(951,8,11,1,9,1),(952,8,12,1,9,1),(953,8,13,1,9,1),(954,8,14,1,9,1),(955,8,15,1,9,1),(956,8,16,1,9,1),(957,8,17,1,9,1),(958,8,18,1,9,1),(959,8,19,1,9,1),(960,8,20,1,9,1),(961,9,1,1,9,1),(962,9,2,1,9,1),(963,9,3,1,9,1),(964,9,4,1,9,1),(965,9,5,1,9,1),(966,9,6,2,9,1),(967,9,7,1,9,1),(968,9,8,3,9,1),(969,9,9,3,9,1),(970,9,10,1,9,1),(971,9,11,1,9,1),(972,9,12,1,9,1),(973,9,13,1,9,1),(974,9,14,1,9,1),(975,9,15,1,9,1),(976,9,16,1,9,1),(977,9,17,1,9,1),(978,9,18,1,9,1),(979,9,19,2,9,1),(980,9,20,1,9,1),(981,10,1,1,9,1),(982,10,2,1,9,1),(983,10,3,1,9,1),(984,10,4,1,9,1),(985,10,5,2,9,1),(986,10,6,1,9,1),(987,10,7,3,9,1),(988,10,8,1,9,1),(989,10,9,3,9,1),(990,10,10,1,9,1),(991,10,11,1,9,1),(992,10,12,1,9,1),(993,10,13,1,9,1),(994,10,14,2,9,1),(995,10,15,2,9,1),(996,10,16,1,9,1),(997,10,17,1,9,1),(998,10,18,1,9,1),(999,10,19,1,9,1),(1000,10,20,1,9,1),(1001,1,1,1,2,1),(1002,1,2,1,2,1),(1003,1,3,3,2,1),(1004,1,4,1,2,1),(1005,1,5,3,2,1),(1006,1,6,1,2,1),(1007,1,7,3,2,1),(1008,1,8,3,2,1),(1009,1,9,3,2,1),(1010,1,10,1,2,1),(1011,1,11,1,2,1),(1012,1,12,1,2,1),(1013,1,13,1,2,1),(1014,1,14,1,2,1),(1015,1,15,3,2,1),(1016,1,16,3,2,1),(1017,1,17,1,2,1),(1018,1,18,1,2,1),(1019,1,19,3,2,1),(1020,1,20,1,2,1),(1021,2,1,1,2,1),(1022,2,2,1,2,1),(1023,2,3,2,2,1),(1024,2,4,1,2,1),(1025,2,5,2,2,1),(1026,2,6,3,2,1),(1027,2,7,1,2,1),(1028,2,8,1,2,1),(1029,2,9,1,2,1),(1030,2,10,1,2,1),(1031,2,11,1,2,1),(1032,2,12,1,2,1),(1033,2,13,1,2,1),(1034,2,14,3,2,1),(1035,2,15,1,2,1),(1036,2,16,3,2,1),(1037,2,17,1,2,1),(1038,2,18,1,2,1),(1039,2,19,1,2,1),(1040,2,20,1,2,1),(1041,3,1,1,2,1),(1042,3,2,1,2,1),(1043,3,3,1,2,1),(1044,3,4,1,2,1),(1045,3,5,3,2,1),(1046,3,6,3,2,1),(1047,3,7,1,2,1),(1048,3,8,2,2,1),(1049,3,9,1,2,1),(1050,3,10,1,2,1),(1051,3,11,1,2,1),(1052,3,12,1,2,1),(1053,3,13,1,2,1),(1054,3,14,1,2,1),(1055,3,15,1,2,1),(1056,3,16,1,2,1),(1057,3,17,1,2,1),(1058,3,18,1,2,1),(1059,3,19,1,2,1),(1060,3,20,1,2,1),(1061,4,1,1,2,1),(1062,4,2,1,2,1),(1063,4,3,2,2,1),(1064,4,4,1,2,1),(1065,4,5,1,2,1),(1066,4,6,3,2,1),(1067,4,7,1,2,1),(1068,4,8,3,2,1),(1069,4,9,1,2,1),(1070,4,10,1,2,1),(1071,4,11,1,2,1),(1072,4,12,1,2,1),(1073,4,13,1,2,1),(1074,4,14,1,2,1),(1075,4,15,2,2,1),(1076,4,16,1,2,1),(1077,4,17,1,2,1),(1078,4,18,1,2,1),(1079,4,19,2,2,1),(1080,4,20,1,2,1),(1081,5,1,1,2,1),(1082,5,2,1,2,1),(1083,5,3,2,2,1),(1084,5,4,1,2,1),(1085,5,5,2,2,1),(1086,5,6,1,2,1),(1087,5,7,3,2,1),(1088,5,8,1,2,1),(1089,5,9,3,2,1),(1090,5,10,1,2,1),(1091,5,11,1,2,1),(1092,5,12,1,2,1),(1093,5,13,1,2,1),(1094,5,14,1,2,1),(1095,5,15,3,2,1),(1096,5,16,1,2,1),(1097,5,17,1,2,1),(1098,5,18,1,2,1),(1099,5,19,1,2,1),(1100,5,20,1,2,1),(1101,6,1,1,2,1),(1102,6,2,1,2,1),(1103,6,3,1,2,1),(1104,6,4,1,2,1),(1105,6,5,1,2,1),(1106,6,6,1,2,1),(1107,6,7,1,2,1),(1108,6,8,3,2,1),(1109,6,9,1,2,1),(1110,6,10,1,2,1),(1111,6,11,1,2,1),(1112,6,12,1,2,1),(1113,6,13,1,2,1),(1114,6,14,3,2,1),(1115,6,15,1,2,1),(1116,6,16,1,2,1),(1117,6,17,1,2,1),(1118,6,18,1,2,1),(1119,6,19,1,2,1),(1120,6,20,1,2,1),(1121,7,1,1,2,1),(1122,7,2,1,2,1),(1123,7,3,2,2,1),(1124,7,4,1,2,1),(1125,7,5,3,2,1),(1126,7,6,1,2,1),(1127,7,7,1,2,1),(1128,7,8,1,2,1),(1129,7,9,3,2,1),(1130,7,10,1,2,1),(1131,7,11,1,2,1),(1132,7,12,1,2,1),(1133,7,13,1,2,1),(1134,7,14,1,2,1),(1135,7,15,3,2,1),(1136,7,16,1,2,1),(1137,7,17,1,2,1),(1138,7,18,1,2,1),(1139,7,19,1,2,1),(1140,7,20,1,2,1),(1141,8,1,1,2,1),(1142,8,2,1,2,1),(1143,8,3,2,2,1),(1144,8,4,1,2,1),(1145,8,5,2,2,1),(1146,8,6,1,2,1),(1147,8,7,2,2,1),(1148,8,8,1,2,1),(1149,8,9,3,2,1),(1150,8,10,1,2,1),(1151,8,11,1,2,1),(1152,8,12,1,2,1),(1153,8,13,1,2,1),(1154,8,14,2,2,1),(1155,8,15,3,2,1),(1156,8,16,3,2,1),(1157,8,17,1,2,1),(1158,8,18,1,2,1),(1159,8,19,1,2,1),(1160,8,20,1,2,1),(1161,9,1,1,2,1),(1162,9,2,1,2,1),(1163,9,3,2,2,1),(1164,9,4,1,2,1),(1165,9,5,3,2,1),(1166,9,6,3,2,1),(1167,9,7,1,2,1),(1168,9,8,1,2,1),(1169,9,9,3,2,1),(1170,9,10,1,2,1),(1171,9,11,1,2,1),(1172,9,12,1,2,1),(1173,9,13,1,2,1),(1174,9,14,1,2,1),(1175,9,15,2,2,1),(1176,9,16,1,2,1),(1177,9,17,1,2,1),(1178,9,18,1,2,1),(1179,9,19,3,2,1),(1180,9,20,1,2,1),(1181,10,1,1,2,1),(1182,10,2,1,2,1),(1183,10,3,1,2,1),(1184,10,4,1,2,1),(1185,10,5,3,2,1),(1186,10,6,3,2,1),(1187,10,7,3,2,1),(1188,10,8,1,2,1),(1189,10,9,1,2,1),(1190,10,10,1,2,1),(1191,10,11,1,2,1),(1192,10,12,1,2,1),(1193,10,13,1,2,1),(1194,10,14,2,2,1),(1195,10,15,1,2,1),(1196,10,16,1,2,1),(1197,10,17,1,2,1),(1198,10,18,1,2,1),(1199,10,19,1,2,1),(1200,10,20,1,2,1),(1201,1,1,1,10,2),(1202,1,2,1,10,2),(1203,1,3,3,10,2),(1204,1,4,1,10,2),(1205,1,5,1,10,2),(1206,1,6,1,10,2),(1207,1,7,2,10,2),(1208,1,8,3,10,2),(1209,1,9,2,10,2),(1210,1,10,1,10,2),(1211,1,11,1,10,2),(1212,1,12,1,10,2),(1213,1,13,1,10,2),(1214,1,14,1,10,2),(1215,1,15,3,10,2),(1216,1,16,1,10,2),(1217,1,17,1,10,2),(1218,1,18,1,10,2),(1219,1,19,1,10,2),(1220,1,20,1,10,2),(1221,2,1,1,10,2),(1222,2,2,1,10,2),(1223,2,3,2,10,2),(1224,2,4,1,10,2),(1225,2,5,2,10,2),(1226,2,6,1,10,2),(1227,2,7,2,10,2),(1228,2,8,3,10,2),(1229,2,9,3,10,2),(1230,2,10,1,10,2),(1231,2,11,1,10,2),(1232,2,12,1,10,2),(1233,2,13,1,10,2),(1234,2,14,1,10,2),(1235,2,15,2,10,2),(1236,2,16,1,10,2),(1237,2,17,1,10,2),(1238,2,18,1,10,2),(1239,2,19,1,10,2),(1240,2,20,1,10,2),(1241,3,1,1,10,2),(1242,3,2,1,10,2),(1243,3,3,1,10,2),(1244,3,4,1,10,2),(1245,3,5,1,10,2),(1246,3,6,2,10,2),(1247,3,7,1,10,2),(1248,3,8,1,10,2),(1249,3,9,3,10,2),(1250,3,10,1,10,2),(1251,3,11,1,10,2),(1252,3,12,1,10,2),(1253,3,13,1,10,2),(1254,3,14,2,10,2),(1255,3,15,1,10,2),(1256,3,16,1,10,2),(1257,3,17,1,10,2),(1258,3,18,1,10,2),(1259,3,19,2,10,2),(1260,3,20,1,10,2),(1261,4,1,1,10,2),(1262,4,2,1,10,2),(1263,4,3,2,10,2),(1264,4,4,1,10,2),(1265,4,5,1,10,2),(1266,4,6,1,10,2),(1267,4,7,1,10,2),(1268,4,8,1,10,2),(1269,4,9,2,10,2),(1270,4,10,1,10,2),(1271,4,11,1,10,2),(1272,4,12,1,10,2),(1273,4,13,1,10,2),(1274,4,14,2,10,2),(1275,4,15,1,10,2),(1276,4,16,3,10,2),(1277,4,17,1,10,2),(1278,4,18,1,10,2),(1279,4,19,3,10,2),(1280,4,20,1,10,2),(1281,5,1,1,10,2),(1282,5,2,1,10,2),(1283,5,3,2,10,2),(1284,5,4,1,10,2),(1285,5,5,1,10,2),(1286,5,6,3,10,2),(1287,5,7,1,10,2),(1288,5,8,3,10,2),(1289,5,9,2,10,2),(1290,5,10,1,10,2),(1291,5,11,1,10,2),(1292,5,12,1,10,2),(1293,5,13,1,10,2),(1294,5,14,3,10,2),(1295,5,15,1,10,2),(1296,5,16,1,10,2),(1297,5,17,1,10,2),(1298,5,18,1,10,2),(1299,5,19,2,10,2),(1300,5,20,1,10,2),(1301,6,1,1,10,2),(1302,6,2,1,10,2),(1303,6,3,2,10,2),(1304,6,4,1,10,2),(1305,6,5,3,10,2),(1306,6,6,1,10,2),(1307,6,7,3,10,2),(1308,6,8,1,10,2),(1309,6,9,1,10,2),(1310,6,10,1,10,2),(1311,6,11,1,10,2),(1312,6,12,1,10,2),(1313,6,13,1,10,2),(1314,6,14,3,10,2),(1315,6,15,2,10,2),(1316,6,16,3,10,2),(1317,6,17,1,10,2),(1318,6,18,1,10,2),(1319,6,19,2,10,2),(1320,6,20,1,10,2),(1321,7,1,1,10,2),(1322,7,2,1,10,2),(1323,7,3,1,10,2),(1324,7,4,1,10,2),(1325,7,5,1,10,2),(1326,7,6,3,10,2),(1327,7,7,1,10,2),(1328,7,8,1,10,2),(1329,7,9,1,10,2),(1330,7,10,1,10,2),(1331,7,11,1,10,2),(1332,7,12,1,10,2),(1333,7,13,1,10,2),(1334,7,14,1,10,2),(1335,7,15,1,10,2),(1336,7,16,1,10,2),(1337,7,17,1,10,2),(1338,7,18,1,10,2),(1339,7,19,1,10,2),(1340,7,20,1,10,2),(1341,8,1,1,10,2),(1342,8,2,1,10,2),(1343,8,3,1,10,2),(1344,8,4,1,10,2),(1345,8,5,1,10,2),(1346,8,6,2,10,2),(1347,8,7,2,10,2),(1348,8,8,1,10,2),(1349,8,9,2,10,2),(1350,8,10,1,10,2),(1351,8,11,1,10,2),(1352,8,12,1,10,2),(1353,8,13,1,10,2),(1354,8,14,2,10,2),(1355,8,15,3,10,2),(1356,8,16,1,10,2),(1357,8,17,1,10,2),(1358,8,18,1,10,2),(1359,8,19,2,10,2),(1360,8,20,1,10,2),(1361,9,1,1,10,2),(1362,9,2,1,10,2),(1363,9,3,1,10,2),(1364,9,4,1,10,2),(1365,9,5,1,10,2),(1366,9,6,1,10,2),(1367,9,7,3,10,2),(1368,9,8,1,10,2),(1369,9,9,1,10,2),(1370,9,10,1,10,2),(1371,9,11,1,10,2),(1372,9,12,1,10,2),(1373,9,13,1,10,2),(1374,9,14,2,10,2),(1375,9,15,3,10,2),(1376,9,16,1,10,2),(1377,9,17,1,10,2),(1378,9,18,1,10,2),(1379,9,19,1,10,2),(1380,9,20,1,10,2),(1381,10,1,1,10,2),(1382,10,2,1,10,2),(1383,10,3,1,10,2),(1384,10,4,1,10,2),(1385,10,5,2,10,2),(1386,10,6,3,10,2),(1387,10,7,3,10,2),(1388,10,8,1,10,2),(1389,10,9,1,10,2),(1390,10,10,1,10,2),(1391,10,11,1,10,2),(1392,10,12,1,10,2),(1393,10,13,1,10,2),(1394,10,14,1,10,2),(1395,10,15,2,10,2),(1396,10,16,2,10,2),(1397,10,17,1,10,2),(1398,10,18,1,10,2),(1399,10,19,3,10,2),(1400,10,20,1,10,2),(1401,1,1,1,1,2),(1402,1,2,1,1,2),(1403,1,3,3,1,2),(1404,1,4,1,1,2),(1405,1,5,1,1,2),(1406,1,6,1,1,2),(1407,1,7,2,1,2),(1408,1,8,2,1,2),(1409,1,9,1,1,2),(1410,1,10,1,1,2),(1411,1,11,1,1,2),(1412,1,12,1,1,2),(1413,1,13,1,1,2),(1414,1,14,2,1,2),(1415,1,15,2,1,2),(1416,1,16,1,1,2),(1417,1,17,1,1,2),(1418,1,18,1,1,2),(1419,1,19,1,1,2),(1420,1,20,1,1,2),(1421,2,1,1,1,2),(1422,2,2,1,1,2),(1423,2,3,1,1,2),(1424,2,4,1,1,2),(1425,2,5,3,1,2),(1426,2,6,1,1,2),(1427,2,7,3,1,2),(1428,2,8,2,1,2),(1429,2,9,1,1,2),(1430,2,10,1,1,2),(1431,2,11,1,1,2),(1432,2,12,1,1,2),(1433,2,13,1,1,2),(1434,2,14,3,1,2),(1435,2,15,1,1,2),(1436,2,16,1,1,2),(1437,2,17,1,1,2),(1438,2,18,1,1,2),(1439,2,19,1,1,2),(1440,2,20,1,1,2),(1441,3,1,1,1,2),(1442,3,2,1,1,2),(1443,3,3,3,1,2),(1444,3,4,1,1,2),(1445,3,5,1,1,2),(1446,3,6,1,1,2),(1447,3,7,1,1,2),(1448,3,8,2,1,2),(1449,3,9,1,1,2),(1450,3,10,1,1,2),(1451,3,11,1,1,2),(1452,3,12,1,1,2),(1453,3,13,1,1,2),(1454,3,14,1,1,2),(1455,3,15,1,1,2),(1456,3,16,2,1,2),(1457,3,17,1,1,2),(1458,3,18,1,1,2),(1459,3,19,1,1,2),(1460,3,20,1,1,2),(1461,4,1,1,1,2),(1462,4,2,1,1,2),(1463,4,3,1,1,2),(1464,4,4,1,1,2),(1465,4,5,1,1,2),(1466,4,6,1,1,2),(1467,4,7,2,1,2),(1468,4,8,2,1,2),(1469,4,9,1,1,2),(1470,4,10,1,1,2),(1471,4,11,1,1,2),(1472,4,12,1,1,2),(1473,4,13,1,1,2),(1474,4,14,3,1,2),(1475,4,15,1,1,2),(1476,4,16,3,1,2),(1477,4,17,1,1,2),(1478,4,18,1,1,2),(1479,4,19,1,1,2),(1480,4,20,1,1,2),(1481,5,1,1,1,2),(1482,5,2,1,1,2),(1483,5,3,3,1,2),(1484,5,4,1,1,2),(1485,5,5,1,1,2),(1486,5,6,1,1,2),(1487,5,7,1,1,2),(1488,5,8,2,1,2),(1489,5,9,1,1,2),(1490,5,10,1,1,2),(1491,5,11,1,1,2),(1492,5,12,1,1,2),(1493,5,13,1,1,2),(1494,5,14,2,1,2),(1495,5,15,2,1,2),(1496,5,16,1,1,2),(1497,5,17,1,1,2),(1498,5,18,1,1,2),(1499,5,19,3,1,2),(1500,5,20,1,1,2),(1501,6,1,1,1,2),(1502,6,2,1,1,2),(1503,6,3,1,1,2),(1504,6,4,1,1,2),(1505,6,5,1,1,2),(1506,6,6,1,1,2),(1507,6,7,1,1,2),(1508,6,8,2,1,2),(1509,6,9,2,1,2),(1510,6,10,1,1,2),(1511,6,11,1,1,2),(1512,6,12,1,1,2),(1513,6,13,1,1,2),(1514,6,14,1,1,2),(1515,6,15,3,1,2),(1516,6,16,1,1,2),(1517,6,17,1,1,2),(1518,6,18,1,1,2),(1519,6,19,1,1,2),(1520,6,20,1,1,2),(1521,7,1,1,1,2),(1522,7,2,1,1,2),(1523,7,3,3,1,2),(1524,7,4,1,1,2),(1525,7,5,2,1,2),(1526,7,6,3,1,2),(1527,7,7,3,1,2),(1528,7,8,1,1,2),(1529,7,9,3,1,2),(1530,7,10,1,1,2),(1531,7,11,1,1,2),(1532,7,12,1,1,2),(1533,7,13,1,1,2),(1534,7,14,1,1,2),(1535,7,15,1,1,2),(1536,7,16,2,1,2),(1537,7,17,1,1,2),(1538,7,18,1,1,2),(1539,7,19,3,1,2),(1540,7,20,1,1,2),(1541,8,1,1,1,2),(1542,8,2,1,1,2),(1543,8,3,1,1,2),(1544,8,4,1,1,2),(1545,8,5,1,1,2),(1546,8,6,2,1,2),(1547,8,7,2,1,2),(1548,8,8,3,1,2),(1549,8,9,1,1,2),(1550,8,10,1,1,2),(1551,8,11,1,1,2),(1552,8,12,1,1,2),(1553,8,13,1,1,2),(1554,8,14,2,1,2),(1555,8,15,1,1,2),(1556,8,16,1,1,2),(1557,8,17,1,1,2),(1558,8,18,1,1,2),(1559,8,19,2,1,2),(1560,8,20,1,1,2),(1561,9,1,1,1,2),(1562,9,2,1,1,2),(1563,9,3,2,1,2),(1564,9,4,1,1,2),(1565,9,5,2,1,2),(1566,9,6,1,1,2),(1567,9,7,1,1,2),(1568,9,8,1,1,2),(1569,9,9,3,1,2),(1570,9,10,1,1,2),(1571,9,11,1,1,2),(1572,9,12,1,1,2),(1573,9,13,1,1,2),(1574,9,14,3,1,2),(1575,9,15,1,1,2),(1576,9,16,1,1,2),(1577,9,17,1,1,2),(1578,9,18,1,1,2),(1579,9,19,2,1,2),(1580,9,20,1,1,2),(1581,10,1,1,1,2),(1582,10,2,1,1,2),(1583,10,3,1,1,2),(1584,10,4,1,1,2),(1585,10,5,1,1,2),(1586,10,6,3,1,2),(1587,10,7,1,1,2),(1588,10,8,1,1,2),(1589,10,9,1,1,2),(1590,10,10,1,1,2),(1591,10,11,1,1,2),(1592,10,12,1,1,2),(1593,10,13,1,1,2),(1594,10,14,3,1,2),(1595,10,15,1,1,2),(1596,10,16,3,1,2),(1597,10,17,1,1,2),(1598,10,18,1,1,2),(1599,10,19,3,1,2),(1600,10,20,1,1,2),(1601,1,1,1,5,2),(1602,1,2,1,5,2),(1603,1,3,2,5,2),(1604,1,4,1,5,2),(1605,1,5,1,5,2),(1606,1,6,3,5,2),(1607,1,7,1,5,2),(1608,1,8,1,5,2),(1609,1,9,1,5,2),(1610,1,10,1,5,2),(1611,1,11,1,5,2),(1612,1,12,1,5,2),(1613,1,13,1,5,2),(1614,1,14,3,5,2),(1615,1,15,2,5,2),(1616,1,16,2,5,2),(1617,1,17,1,5,2),(1618,1,18,1,5,2),(1619,1,19,1,5,2),(1620,1,20,1,5,2),(1621,2,1,1,5,2),(1622,2,2,1,5,2),(1623,2,3,3,5,2),(1624,2,4,1,5,2),(1625,2,5,3,5,2),(1626,2,6,3,5,2),(1627,2,7,1,5,2),(1628,2,8,1,5,2),(1629,2,9,1,5,2),(1630,2,10,1,5,2),(1631,2,11,1,5,2),(1632,2,12,1,5,2),(1633,2,13,1,5,2),(1634,2,14,1,5,2),(1635,2,15,1,5,2),(1636,2,16,1,5,2),(1637,2,17,1,5,2),(1638,2,18,1,5,2),(1639,2,19,1,5,2),(1640,2,20,1,5,2),(1641,3,1,1,5,2),(1642,3,2,1,5,2),(1643,3,3,3,5,2),(1644,3,4,1,5,2),(1645,3,5,1,5,2),(1646,3,6,1,5,2),(1647,3,7,1,5,2),(1648,3,8,1,5,2),(1649,3,9,1,5,2),(1650,3,10,1,5,2),(1651,3,11,1,5,2),(1652,3,12,1,5,2),(1653,3,13,1,5,2),(1654,3,14,1,5,2),(1655,3,15,2,5,2),(1656,3,16,3,5,2),(1657,3,17,1,5,2),(1658,3,18,1,5,2),(1659,3,19,1,5,2),(1660,3,20,1,5,2),(1661,4,1,1,5,2),(1662,4,2,1,5,2),(1663,4,3,3,5,2),(1664,4,4,1,5,2),(1665,4,5,3,5,2),(1666,4,6,3,5,2),(1667,4,7,1,5,2),(1668,4,8,1,5,2),(1669,4,9,1,5,2),(1670,4,10,1,5,2),(1671,4,11,1,5,2),(1672,4,12,1,5,2),(1673,4,13,1,5,2),(1674,4,14,3,5,2),(1675,4,15,2,5,2),(1676,4,16,2,5,2),(1677,4,17,1,5,2),(1678,4,18,1,5,2),(1679,4,19,1,5,2),(1680,4,20,1,5,2),(1681,5,1,1,5,2),(1682,5,2,1,5,2),(1683,5,3,2,5,2),(1684,5,4,1,5,2),(1685,5,5,1,5,2),(1686,5,6,1,5,2),(1687,5,7,3,5,2),(1688,5,8,1,5,2),(1689,5,9,1,5,2),(1690,5,10,1,5,2),(1691,5,11,1,5,2),(1692,5,12,1,5,2),(1693,5,13,1,5,2),(1694,5,14,3,5,2),(1695,5,15,3,5,2),(1696,5,16,1,5,2),(1697,5,17,1,5,2),(1698,5,18,1,5,2),(1699,5,19,1,5,2),(1700,5,20,1,5,2),(1701,6,1,1,5,2),(1702,6,2,1,5,2),(1703,6,3,3,5,2),(1704,6,4,1,5,2),(1705,6,5,2,5,2),(1706,6,6,2,5,2),(1707,6,7,1,5,2),(1708,6,8,1,5,2),(1709,6,9,3,5,2),(1710,6,10,1,5,2),(1711,6,11,1,5,2),(1712,6,12,1,5,2),(1713,6,13,1,5,2),(1714,6,14,3,5,2),(1715,6,15,2,5,2),(1716,6,16,1,5,2),(1717,6,17,1,5,2),(1718,6,18,1,5,2),(1719,6,19,1,5,2),(1720,6,20,1,5,2),(1721,7,1,1,5,2),(1722,7,2,1,5,2),(1723,7,3,1,5,2),(1724,7,4,1,5,2),(1725,7,5,3,5,2),(1726,7,6,2,5,2),(1727,7,7,2,5,2),(1728,7,8,2,5,2),(1729,7,9,3,5,2),(1730,7,10,1,5,2),(1731,7,11,1,5,2),(1732,7,12,1,5,2),(1733,7,13,1,5,2),(1734,7,14,1,5,2),(1735,7,15,1,5,2),(1736,7,16,2,5,2),(1737,7,17,1,5,2),(1738,7,18,1,5,2),(1739,7,19,1,5,2),(1740,7,20,1,5,2),(1741,8,1,1,5,2),(1742,8,2,1,5,2),(1743,8,3,3,5,2),(1744,8,4,1,5,2),(1745,8,5,1,5,2),(1746,8,6,1,5,2),(1747,8,7,1,5,2),(1748,8,8,1,5,2),(1749,8,9,3,5,2),(1750,8,10,1,5,2),(1751,8,11,1,5,2),(1752,8,12,1,5,2),(1753,8,13,1,5,2),(1754,8,14,2,5,2),(1755,8,15,1,5,2),(1756,8,16,3,5,2),(1757,8,17,1,5,2),(1758,8,18,1,5,2),(1759,8,19,1,5,2),(1760,8,20,1,5,2),(1761,9,1,1,5,2),(1762,9,2,1,5,2),(1763,9,3,1,5,2),(1764,9,4,1,5,2),(1765,9,5,3,5,2),(1766,9,6,2,5,2),(1767,9,7,2,5,2),(1768,9,8,3,5,2),(1769,9,9,1,5,2),(1770,9,10,1,5,2),(1771,9,11,1,5,2),(1772,9,12,1,5,2),(1773,9,13,1,5,2),(1774,9,14,3,5,2),(1775,9,15,1,5,2),(1776,9,16,2,5,2),(1777,9,17,1,5,2),(1778,9,18,1,5,2),(1779,9,19,2,5,2),(1780,9,20,1,5,2),(1781,10,1,1,5,2),(1782,10,2,1,5,2),(1783,10,3,1,5,2),(1784,10,4,1,5,2),(1785,10,5,3,5,2),(1786,10,6,1,5,2),(1787,10,7,1,5,2),(1788,10,8,2,5,2),(1789,10,9,2,5,2),(1790,10,10,1,5,2),(1791,10,11,1,5,2),(1792,10,12,1,5,2),(1793,10,13,1,5,2),(1794,10,14,2,5,2),(1795,10,15,1,5,2),(1796,10,16,3,5,2),(1797,10,17,1,5,2),(1798,10,18,1,5,2),(1799,10,19,1,5,2),(1800,10,20,1,5,2),(1801,1,1,1,8,2),(1802,1,2,1,8,2),(1803,1,3,3,8,2),(1804,1,4,1,8,2),(1805,1,5,1,8,2),(1806,1,6,1,8,2),(1807,1,7,2,8,2),(1808,1,8,1,8,2),(1809,1,9,1,8,2),(1810,1,10,1,8,2),(1811,1,11,1,8,2),(1812,1,12,1,8,2),(1813,1,13,1,8,2),(1814,1,14,3,8,2),(1815,1,15,1,8,2),(1816,1,16,3,8,2),(1817,1,17,1,8,2),(1818,1,18,1,8,2),(1819,1,19,3,8,2),(1820,1,20,1,8,2),(1821,2,1,1,8,2),(1822,2,2,1,8,2),(1823,2,3,1,8,2),(1824,2,4,1,8,2),(1825,2,5,2,8,2),(1826,2,6,1,8,2),(1827,2,7,1,8,2),(1828,2,8,2,8,2),(1829,2,9,1,8,2),(1830,2,10,1,8,2),(1831,2,11,1,8,2),(1832,2,12,1,8,2),(1833,2,13,1,8,2),(1834,2,14,2,8,2),(1835,2,15,1,8,2),(1836,2,16,1,8,2),(1837,2,17,1,8,2),(1838,2,18,1,8,2),(1839,2,19,2,8,2),(1840,2,20,1,8,2),(1841,3,1,1,8,2),(1842,3,2,1,8,2),(1843,3,3,2,8,2),(1844,3,4,1,8,2),(1845,3,5,1,8,2),(1846,3,6,1,8,2),(1847,3,7,1,8,2),(1848,3,8,2,8,2),(1849,3,9,2,8,2),(1850,3,10,1,8,2),(1851,3,11,1,8,2),(1852,3,12,1,8,2),(1853,3,13,1,8,2),(1854,3,14,1,8,2),(1855,3,15,1,8,2),(1856,3,16,1,8,2),(1857,3,17,1,8,2),(1858,3,18,1,8,2),(1859,3,19,1,8,2),(1860,3,20,1,8,2),(1861,4,1,1,8,2),(1862,4,2,1,8,2),(1863,4,3,2,8,2),(1864,4,4,1,8,2),(1865,4,5,1,8,2),(1866,4,6,1,8,2),(1867,4,7,3,8,2),(1868,4,8,2,8,2),(1869,4,9,2,8,2),(1870,4,10,1,8,2),(1871,4,11,1,8,2),(1872,4,12,1,8,2),(1873,4,13,1,8,2),(1874,4,14,1,8,2),(1875,4,15,3,8,2),(1876,4,16,1,8,2),(1877,4,17,1,8,2),(1878,4,18,1,8,2),(1879,4,19,2,8,2),(1880,4,20,1,8,2),(1881,5,1,1,8,2),(1882,5,2,1,8,2),(1883,5,3,2,8,2),(1884,5,4,1,8,2),(1885,5,5,1,8,2),(1886,5,6,1,8,2),(1887,5,7,1,8,2),(1888,5,8,3,8,2),(1889,5,9,1,8,2),(1890,5,10,1,8,2),(1891,5,11,1,8,2),(1892,5,12,1,8,2),(1893,5,13,1,8,2),(1894,5,14,3,8,2),(1895,5,15,1,8,2),(1896,5,16,1,8,2),(1897,5,17,1,8,2),(1898,5,18,1,8,2),(1899,5,19,2,8,2),(1900,5,20,1,8,2),(1901,6,1,1,8,2),(1902,6,2,1,8,2),(1903,6,3,2,8,2),(1904,6,4,1,8,2),(1905,6,5,2,8,2),(1906,6,6,1,8,2),(1907,6,7,1,8,2),(1908,6,8,1,8,2),(1909,6,9,2,8,2),(1910,6,10,1,8,2),(1911,6,11,1,8,2),(1912,6,12,1,8,2),(1913,6,13,1,8,2),(1914,6,14,1,8,2),(1915,6,15,1,8,2),(1916,6,16,3,8,2),(1917,6,17,1,8,2),(1918,6,18,1,8,2),(1919,6,19,1,8,2),(1920,6,20,1,8,2),(1921,7,1,1,8,2),(1922,7,2,1,8,2),(1923,7,3,2,8,2),(1924,7,4,1,8,2),(1925,7,5,1,8,2),(1926,7,6,1,8,2),(1927,7,7,3,8,2),(1928,7,8,2,8,2),(1929,7,9,1,8,2),(1930,7,10,1,8,2),(1931,7,11,1,8,2),(1932,7,12,1,8,2),(1933,7,13,1,8,2),(1934,7,14,1,8,2),(1935,7,15,1,8,2),(1936,7,16,1,8,2),(1937,7,17,1,8,2),(1938,7,18,1,8,2),(1939,7,19,3,8,2),(1940,7,20,1,8,2),(1941,8,1,1,8,2),(1942,8,2,1,8,2),(1943,8,3,1,8,2),(1944,8,4,1,8,2),(1945,8,5,1,8,2),(1946,8,6,2,8,2),(1947,8,7,1,8,2),(1948,8,8,1,8,2),(1949,8,9,1,8,2),(1950,8,10,1,8,2),(1951,8,11,1,8,2),(1952,8,12,1,8,2),(1953,8,13,1,8,2),(1954,8,14,2,8,2),(1955,8,15,1,8,2),(1956,8,16,3,8,2),(1957,8,17,1,8,2),(1958,8,18,1,8,2),(1959,8,19,2,8,2),(1960,8,20,1,8,2),(1961,9,1,1,8,2),(1962,9,2,1,8,2),(1963,9,3,1,8,2),(1964,9,4,1,8,2),(1965,9,5,1,8,2),(1966,9,6,2,8,2),(1967,9,7,1,8,2),(1968,9,8,1,8,2),(1969,9,9,1,8,2),(1970,9,10,1,8,2),(1971,9,11,1,8,2),(1972,9,12,1,8,2),(1973,9,13,1,8,2),(1974,9,14,1,8,2),(1975,9,15,1,8,2),(1976,9,16,1,8,2),(1977,9,17,1,8,2),(1978,9,18,1,8,2),(1979,9,19,1,8,2),(1980,9,20,1,8,2),(1981,10,1,1,8,2),(1982,10,2,1,8,2),(1983,10,3,1,8,2),(1984,10,4,1,8,2),(1985,10,5,1,8,2),(1986,10,6,1,8,2),(1987,10,7,1,8,2),(1988,10,8,1,8,2),(1989,10,9,1,8,2),(1990,10,10,1,8,2),(1991,10,11,1,8,2),(1992,10,12,1,8,2),(1993,10,13,1,8,2),(1994,10,14,2,8,2),(1995,10,15,3,8,2),(1996,10,16,2,8,2),(1997,10,17,1,8,2),(1998,10,18,1,8,2),(1999,10,19,1,8,2),(2000,10,20,1,8,2);
/*!40000 ALTER TABLE `answer` ENABLE KEYS */;
UNLOCK TABLES;

--
-- Table structure for table `attendance`
--

DROP TABLE IF EXISTS `attendance`;
/*!40101 SET @saved_cs_client     = @@character_set_client */;
/*!40101 SET character_set_client = utf8 */;
CREATE TABLE `attendance` (
  `projectId` int(11) DEFAULT NULL,
  `participantId` int(11) DEFAULT NULL,
  `eventId` int(11) DEFAULT NULL,
  `attendance` varchar(3) DEFAULT NULL
) ENGINE=InnoDB DEFAULT CHARSET=latin1;
/*!40101 SET character_set_client = @saved_cs_client */;

--
-- Dumping data for table `attendance`
--

LOCK TABLES `attendance` WRITE;
/*!40000 ALTER TABLE `attendance` DISABLE KEYS */;
INSERT INTO `attendance` VALUES (1,1,3,'yes'),(1,2,3,'yes'),(1,3,3,'yes'),(1,4,3,'yes'),(1,5,3,'no'),(1,6,3,'yes'),(1,7,3,'no'),(1,8,3,'no'),(1,9,3,'no'),(1,10,3,'yes'),(1,1,4,'no'),(1,2,4,'yes'),(1,3,4,'yes'),(1,4,4,'yes'),(1,5,4,'no'),(1,6,4,'no'),(1,7,4,'no'),(1,8,4,'no'),(1,9,4,'no'),(1,10,4,'no'),(1,1,6,'yes'),(1,2,6,'no'),(1,3,6,'yes'),(1,4,6,'yes'),(1,5,6,'no'),(1,6,6,'yes'),(1,7,6,'yes'),(1,8,6,'yes'),(1,9,6,'no'),(1,10,6,'yes'),(4,1,7,'yes'),(4,2,7,'no'),(4,3,7,'yes'),(4,4,7,'yes'),(4,5,7,'no'),(4,6,7,'no'),(4,7,7,'no'),(4,8,7,'no'),(4,9,7,'no'),(4,10,7,'no'),(6,1,9,'yes'),(6,2,9,'no'),(6,3,9,'yes'),(6,4,9,'yes'),(6,5,9,'no'),(6,6,9,'no'),(6,7,9,'no'),(6,8,9,'no'),(6,9,9,'yes'),(6,10,9,'no'),(10,1,2,'no'),(10,2,2,'yes'),(10,3,2,'no'),(10,4,2,'yes'),(10,5,2,'yes'),(10,6,2,'yes'),(10,7,2,'yes'),(10,8,2,'yes'),(10,9,2,'no'),(10,10,2,'no'),(5,1,10,'yes'),(5,2,10,'no'),(5,3,10,'yes'),(5,4,10,'no'),(5,5,10,'no'),(5,6,10,'no'),(5,7,10,'no'),(5,8,10,'no'),(5,9,10,'no'),(5,10,10,'yes'),(7,1,1,'yes'),(7,2,1,'yes'),(7,3,1,'yes'),(7,4,1,'yes'),(7,5,1,'no'),(7,6,1,'yes'),(7,7,1,'yes'),(7,8,1,'yes'),(7,9,1,'yes'),(7,10,1,'yes'),(7,1,5,'no'),(7,2,5,'no'),(7,3,5,'yes'),(7,4,5,'yes'),(7,5,5,'no'),(7,6,5,'yes'),(7,7,5,'yes'),(7,8,5,'no'),(7,9,5,'no'),(7,10,5,'no'),(8,1,8,'no'),(8,2,8,'no'),(8,3,8,'no'),(8,4,8,'no'),(8,5,8,'yes'),(8,6,8,'yes'),(8,7,8,'yes'),(8,8,8,'yes'),(8,9,8,'no'),(8,10,8,'yes');
/*!40000 ALTER TABLE `attendance` ENABLE KEYS */;
UNLOCK TABLES;

--
-- Table structure for table `company`
--

DROP TABLE IF EXISTS `company`;
/*!40101 SET @saved_cs_client     = @@character_set_client */;
/*!40101 SET character_set_client = utf8 */;
CREATE TABLE `company` (
  `id` varchar(25) NOT NULL,
  `name` varchar(25) DEFAULT NULL,
  `address` varchar(25) DEFAULT NULL,
  PRIMARY KEY (`id`)
) ENGINE=InnoDB DEFAULT CHARSET=latin1;
/*!40101 SET character_set_client = @saved_cs_client */;

--
-- Dumping data for table `company`
--

LOCK TABLES `company` WRITE;
/*!40000 ALTER TABLE `company` DISABLE KEYS */;
INSERT INTO `company` VALUES ('1','dell asus2','tvm'),('10','hyber ascend1','bangalur'),('2','hyber sony1','bangalur'),('3','sony ascend5','tvm'),('4','ascend ascend0','eranakulam'),('5','asus hp4','bangalur'),('6','ascend ascend0','eranakulam'),('7','sony dell5','tvm'),('8','sony sony5','tvm'),('9','ascend asus0','eranakulam');
/*!40000 ALTER TABLE `company` ENABLE KEYS */;
UNLOCK TABLES;

--
-- Table structure for table `dates`
--

DROP TABLE IF EXISTS `dates`;
/*!40101 SET @saved_cs_client     = @@character_set_client */;
/*!40101 SET character_set_client = utf8 */;
CREATE TABLE `dates` (
  `id` int(11) DEFAULT NULL,
  `date` date DEFAULT NULL,
  `year` int(4) DEFAULT NULL,
  `month` int(2) DEFAULT NULL
) ENGINE=InnoDB DEFAULT CHARSET=utf8;
/*!40101 SET character_set_client = @saved_cs_client */;

--
-- Dumping data for table `dates`
--

LOCK TABLES `dates` WRITE;
/*!40000 ALTER TABLE `dates` DISABLE KEYS */;
/*!40000 ALTER TABLE `dates` ENABLE KEYS */;
UNLOCK TABLES;

--
-- Table structure for table `event`
--

DROP TABLE IF EXISTS `event`;
/*!40101 SET @saved_cs_client     = @@character_set_client */;
/*!40101 SET character_set_client = utf8 */;
CREATE TABLE `event` (
  `id` int(11) NOT NULL,
  `eventName` varchar(25) DEFAULT NULL,
  `place` varchar(25) DEFAULT NULL,
  `date` varchar(25) DEFAULT NULL,
  `projectId` int(11) DEFAULT NULL,
  `agentId` int(11) DEFAULT NULL,
  PRIMARY KEY (`id`)
) ENGINE=InnoDB DEFAULT CHARSET=latin1;
/*!40101 SET character_set_client = @saved_cs_client */;

--
-- Dumping data for table `event`
--

LOCK TABLES `event` WRITE;
/*!40000 ALTER TABLE `event` DISABLE KEYS */;
INSERT INTO `event` VALUES (1,'no to tobacco yes to life','wayanad','2014/09/11',7,17),(2,'say no to tobacco','malappuram','2007/06/17',10,10),(3,'stamp out smoking','ernakulam','2000/02/11',1,1),(4,'smoke free panchayath','kasargodu','2016/05/22',1,21),(5,'no to tobacco yes to life','wayanad','2014/09/11',7,17),(6,'stamp out smoking','ernakulam','2000/02/11',1,1),(7,'cardiosmart','kozhikkodu','2003/10/01',4,4),(8,'say no to tobacco','malappuram','2015/10/21',8,18),(9,'nicotine free campus','kannur','2005/01/09',6,6),(10,'smoke less breathe more','kollam','2004/12/21',5,5);
/*!40000 ALTER TABLE `event` ENABLE KEYS */;
UNLOCK TABLES;

--
-- Table structure for table `options`
--

DROP TABLE IF EXISTS `options`;
/*!40101 SET @saved_cs_client     = @@character_set_client */;
/*!40101 SET character_set_client = utf8 */;
CREATE TABLE `options` (
  `id` int(11) NOT NULL,
  `questionId` int(11) DEFAULT NULL,
  `weight` int(11) DEFAULT NULL,
  PRIMARY KEY (`id`)
) ENGINE=InnoDB DEFAULT CHARSET=latin1;
/*!40101 SET character_set_client = @saved_cs_client */;

--
-- Dumping data for table `options`
--

LOCK TABLES `options` WRITE;
/*!40000 ALTER TABLE `options` DISABLE KEYS */;
/*!40000 ALTER TABLE `options` ENABLE KEYS */;
UNLOCK TABLES;

--
-- Table structure for table `participant`
--

DROP TABLE IF EXISTS `participant`;
/*!40101 SET @saved_cs_client     = @@character_set_client */;
/*!40101 SET character_set_client = utf8 */;
CREATE TABLE `participant` (
  `id` int(11) NOT NULL,
  `name` varchar(25) DEFAULT NULL,
  `age` int(3) DEFAULT NULL,
  `gender` varchar(6) DEFAULT NULL,
  `address` varchar(50) DEFAULT NULL,
  PRIMARY KEY (`id`)
) ENGINE=InnoDB DEFAULT CHARSET=latin1;
/*!40101 SET character_set_client = @saved_cs_client */;

--
-- Dumping data for table `participant`
--

LOCK TABLES `participant` WRITE;
/*!40000 ALTER TABLE `participant` DISABLE KEYS */;
INSERT INTO `participant` VALUES (1,'Ethana William82',25,'M','Idukki'),(2,'Samuel Anthony98',57,'M','Idukki'),(3,'Noah Samuel36',57,'M','Malappuram'),(4,'Thomas Ravi53',24,'M','Kottayam'),(5,'Roshan Mary72',33,'F','Thoppumpadi'),(6,'Arjun Nicholas12',22,'M','Kollam'),(7,'Christina Angel99',26,'M','Ernakulam'),(8,'Jonathan Joshua96',19,'F','Kottayam'),(9,'Ethan Roshan18',33,'M','Idukki'),(10,'Ethana Michael82',65,'F','Idukki');
/*!40000 ALTER TABLE `participant` ENABLE KEYS */;
UNLOCK TABLES;

--
-- Table structure for table `program`
--

DROP TABLE IF EXISTS `program`;
/*!40101 SET @saved_cs_client     = @@character_set_client */;
/*!40101 SET character_set_client = utf8 */;
CREATE TABLE `program` (
  `id` varchar(25) NOT NULL,
  `programName` varchar(25) DEFAULT NULL,
  PRIMARY KEY (`id`)
) ENGINE=InnoDB DEFAULT CHARSET=latin1;
/*!40101 SET character_set_client = @saved_cs_client */;

--
-- Dumping data for table `program`
--

LOCK TABLES `program` WRITE;
/*!40000 ALTER TABLE `program` DISABLE KEYS */;
INSERT INTO `program` VALUES ('1','tobacco-quit'),('2','food-habit');
/*!40000 ALTER TABLE `program` ENABLE KEYS */;
UNLOCK TABLES;

--
-- Table structure for table `project`
--

DROP TABLE IF EXISTS `project`;
/*!40101 SET @saved_cs_client     = @@character_set_client */;
/*!40101 SET character_set_client = utf8 */;
CREATE TABLE `project` (
  `id` int(11) NOT NULL,
  `name` varchar(100) DEFAULT NULL,
  `progId` int(11) DEFAULT NULL,
  PRIMARY KEY (`id`)
) ENGINE=InnoDB DEFAULT CHARSET=latin1;
/*!40101 SET character_set_client = @saved_cs_client */;

--
-- Dumping data for table `project`
--

LOCK TABLES `project` WRITE;
/*!40000 ALTER TABLE `project` DISABLE KEYS */;
INSERT INTO `project` VALUES (1,'theaterAdd',1),(2,'tuesdayCampaign',2),(3,'tuesdayCampaign',2),(4,'sundayCampaign',1),(5,'saturdayCampaign',2),(6,'theaterAdd',1),(7,'tuesdayCampaign',2),(8,'saturdayCampaign',2),(9,'thursdayCampaign',1),(10,'oneDayCamp',1);
/*!40000 ALTER TABLE `project` ENABLE KEYS */;
UNLOCK TABLES;

--
-- Table structure for table `question`
--

DROP TABLE IF EXISTS `question`;
/*!40101 SET @saved_cs_client     = @@character_set_client */;
/*!40101 SET character_set_client = utf8 */;
CREATE TABLE `question` (
  `id` int(11) NOT NULL,
  `description` varchar(200) DEFAULT NULL,
  `option1` varchar(50) DEFAULT NULL,
  `option2` varchar(50) DEFAULT NULL,
  `option3` varchar(50) DEFAULT NULL,
  `option4` varchar(50) DEFAULT NULL,
  PRIMARY KEY (`id`)
) ENGINE=InnoDB DEFAULT CHARSET=latin1;
/*!40101 SET character_set_client = @saved_cs_client */;

--
-- Dumping data for table `question`
--

LOCK TABLES `question` WRITE;
/*!40000 ALTER TABLE `question` DISABLE KEYS */;
INSERT INTO `question` VALUES (1,'Are you a smoker?','1,100,0','2,0,0',NULL,NULL),(2,'Do you know the consequences of smoking?','1,100,0','2,0,0',NULL,NULL),(3,'How many cigarettes do you usually smoke per day?','1,25,0','2,25,0','3,25,0','4,25,0'),(4,'Do you smoke at work?','1,100,0','2,0,0',NULL,NULL),(5,'How many people in your household use tobacco?','1,25,0','2,25,0','3,25,0','4,25,0'),(6,'How many times have you tried to quit using tobacco in the past?','1,25,0','2,25,0','3,25,0','4,25,0'),(7,'What method did you use?','1,25,0','2,25,0','3,25,0','4,25,0'),(8,'How would you rate your motivation today to stop using tobacco?','1,25,0','2,25,0','3,25,0','4,25,0'),(9,'How much has your motivation to stop using tobacco changed as a result of this class?','1,25,0','2,25,0','3,25,0','4,25,0'),(10,'Overall how satisfied are you with the stop smoking service you received?','1,0,0','2,100,0',NULL,NULL),(11,'Would you recommend this service to others who want to stop smoking?','1,100,0','2,0,0',NULL,NULL),(12,'If you started smoking again would you return to the service for help to stop?','1,100,0','2,0,0',NULL,NULL),(13,'How helpful was the information and advice from the Adviser?','1,0,0','2,100,0',NULL,NULL),(14,'How helpful has the written information that staff have given to you been?','1,25,0','2,25,0','3,25,0','4,25,0'),(15,'Do you find having your carbon monoxide (CO) reading done at every visit helpful?','1,25,0','2,25,0','3,25,0','4,25,0'),(16,'How did you learn about this class?','1,25,0','2,25,0','3,25,0','4,25,0'),(17,'What Kind of tobacco products do you use?','1,50,0','2,50,0',NULL,NULL),(18,'How satisfied are you with how supportive staff have been?','1,50,0','2,50,0',NULL,NULL),(19,'Have you smoked since your last appointment with the service?','1,25,0','2,25,0','3,25,0','4,25,0'),(20,'Do you want to quit using tobacco?','1,100,0','2,0,0',NULL,NULL);
/*!40000 ALTER TABLE `question` ENABLE KEYS */;
UNLOCK TABLES;

--
-- Table structure for table `questionLink`
--

DROP TABLE IF EXISTS `questionLink`;
/*!40101 SET @saved_cs_client     = @@character_set_client */;
/*!40101 SET character_set_client = utf8 */;
CREATE TABLE `questionLink` (
  `id` int(11) NOT NULL,
  `questionId` int(11) DEFAULT NULL,
  PRIMARY KEY (`id`)
) ENGINE=InnoDB DEFAULT CHARSET=latin1;
/*!40101 SET character_set_client = @saved_cs_client */;

--
-- Dumping data for table `questionLink`
--

LOCK TABLES `questionLink` WRITE;
/*!40000 ALTER TABLE `questionLink` DISABLE KEYS */;
/*!40000 ALTER TABLE `questionLink` ENABLE KEYS */;
UNLOCK TABLES;

--
-- Table structure for table `user`
--

DROP TABLE IF EXISTS `user`;
/*!40101 SET @saved_cs_client     = @@character_set_client */;
/*!40101 SET character_set_client = utf8 */;
CREATE TABLE `user` (
  `id` int(11) NOT NULL,
  `firstName` varchar(25) DEFAULT NULL,
  `lastName` varchar(25) DEFAULT NULL,
  `age` int(3) DEFAULT NULL,
  `username` varchar(25) DEFAULT NULL,
  `password` varchar(25) DEFAULT NULL,
  PRIMARY KEY (`id`)
) ENGINE=InnoDB DEFAULT CHARSET=latin1;
/*!40101 SET character_set_client = @saved_cs_client */;

--
-- Dumping data for table `user`
--

LOCK TABLES `user` WRITE;
/*!40000 ALTER TABLE `user` DISABLE KEYS */;
INSERT INTO `user` VALUES (1,'Daniel','Samantha',23,'DanielSamantha','Samantha45');
/*!40000 ALTER TABLE `user` ENABLE KEYS */;
UNLOCK TABLES;
/*!40103 SET TIME_ZONE=@OLD_TIME_ZONE */;

/*!40101 SET SQL_MODE=@OLD_SQL_MODE */;
/*!40014 SET FOREIGN_KEY_CHECKS=@OLD_FOREIGN_KEY_CHECKS */;
/*!40014 SET UNIQUE_CHECKS=@OLD_UNIQUE_CHECKS */;
/*!40101 SET CHARACTER_SET_CLIENT=@OLD_CHARACTER_SET_CLIENT */;
/*!40101 SET CHARACTER_SET_RESULTS=@OLD_CHARACTER_SET_RESULTS */;
/*!40101 SET COLLATION_CONNECTION=@OLD_COLLATION_CONNECTION */;
/*!40111 SET SQL_NOTES=@OLD_SQL_NOTES */;

-- Dump completed on 2017-10-12 23:34:02
